"company_support","Age","Gender","Country","state","family_history","treatment","work_interfere","mental_health_consequence"
"Medium","adults(35-45)","F","United States","IL","No","Yes","Often","No"
"Low","adults(35-45)","M","United States","IN","No","No","Rarely","Maybe"
"Low","adults(25-35)","M","Canada","NA","No","No","Rarely","No"
"Medium","adults(25-35)","M","United Kingdom","NA","Yes","Yes","Often","Yes"
"Medium","adults(25-35)","M","United States","TX","No","No","Never","No"
"Medium","adults(25-35)","M","United States","TN","Yes","No","Sometimes","No"
"Low","adults(25-35)","F","United States","MI","Yes","Yes","Sometimes","Maybe"
"Medium","adults(35-45)","M","Canada","NA","No","No","Never","No"
"Medium","adults(35-45)","F","United States","IL","Yes","Yes","Sometimes","Maybe"
"Low","young_adults(18-25)","M","Canada","NA","No","No","Never","No"
"Low","adults(25-35)","M","United States","OH","No","Yes","Sometimes","No"
"Low","adults(25-35)","M","Bulgaria","NA","No","No","Never","No"
"Medium","adults(35-45)","F","United States","CA","Yes","Yes","Sometimes","Yes"
"Low","adults(35-45)","M","United States","CT","Yes","No","Never","No"
"Low","adults(25-35)","M","Canada","NA","No","No","Never","No"
"Medium","adults(25-35)","F","United States","IL","Yes","Yes","Rarely","No"
"Low","young_adults(18-25)","M","United Kingdom","NA","No","Yes","Sometimes","Maybe"
"Medium","adults(25-35)","M","United States","TN","No","Yes","Sometimes","Maybe"
"Medium","adults(45-55)","M","United States","MD","Yes","No","Sometimes","No"
"Medium","adults(35-45)","M","France","NA","Yes","No","NA","No"
"Medium","adults(25-35)","M","United States","NY","Yes","Yes","Sometimes","Maybe"
"Low","adults(25-35)","M","United States","NC","No","No","Never","No"
"Medium","adults(45-55)","M","United States","MA","No","Yes","Often","Maybe"
"Low","adults(35-45)","M","United States","IA","No","Yes","Never","Maybe"
"Medium","adults(25-35)","M","United States","CA","Yes","Yes","Rarely","No"
"Medium","adults(25-35)","M","United States","TN","Yes","Yes","Sometimes","Yes"
"Low","adults(25-35)","M","United States","TN","No","No","NA","Maybe"
"Medium","adults(25-35)","F","United States","CA","Yes","Yes","Rarely","No"
"Low","adults(25-35)","M","United States","OH","No","Yes","Sometimes","No"
"Low","adults(35-45)","M","United Kingdom","NA","No","No","Sometimes","Yes"
"Low","adults(25-35)","M","United Kingdom","NA","No","No","Never","Yes"
"Medium","adults(25-35)","M","United States","PA","Yes","No","Rarely","Yes"
"Low","adults(25-35)","M","United Kingdom","NA","Yes","Yes","Sometimes","Maybe"
"High","adults(35-45)","M","United States","WA","Yes","Yes","Sometimes","Maybe"
"Medium","adults(35-45)","F","United States","WI","No","Yes","Sometimes","Maybe"
"Medium","adults(25-35)","M","United States","NY","No","Yes","Rarely","No"
"Low","adults(25-35)","M","Canada","NA","No","No","Rarely","Yes"
"Medium","adults(35-45)","M","Portugal","NA","No","No","NA","Maybe"
"Medium","adults(45-55)","M","United States","IN","No","No","NA","No"
"High","adults(25-35)","M","United States","TX","No","Yes","Rarely","No"
"Low","young_adults(18-25)","M","United Kingdom","NA","No","Yes","Sometimes","Maybe"
"Medium","adults(25-35)","M","United States","MI","No","No","NA","Yes"
"Medium","adults(25-35)","M","Canada","NA","Yes","Yes","Sometimes","Maybe"
"Low","teens(12-18)","M","Netherlands","NA","No","No","Often","Yes"
"Low","adults(25-35)","M","United States","IN","No","Yes","Sometimes","No"
"High","adults(35-45)","F","United States","TX","Yes","Yes","Sometimes","No"
"Low","adults(25-35)","M","United Kingdom","NA","No","No","NA","No"
"Low","adults(25-35)","M","United States","TN","No","No","NA","No"
"Medium","adults(25-35)","M","Canada","NA","No","No","Sometimes","No"
"Medium","adults(25-35)","M","United States","IL","Yes","Yes","Rarely","Maybe"
"Medium","young_adults(18-25)","M","United States","TX","Yes","Yes","Often","Maybe"
"Low","adults(25-35)","M","United States","UT","No","No","NA","No"
"Low","adults(25-35)","M","United States","NA","No","No","NA","Maybe"
"Low","adults(25-35)","M","United States","TN","No","No","Never","Maybe"
"Low","adults(25-35)","M","Switzerland","NA","No","No","NA","No"
"Medium","adults(25-35)","M","United States","NY","Yes","Yes","Rarely","Maybe"
"Low","adults(25-35)","M","United States","TN","Yes","No","NA","No"
"Low","young_adults(18-25)","M","United States","NY","Yes","Yes","Sometimes","No"
"Low","adults(25-35)","M","United States","TN","No","No","NA","No"
"Low","adults(25-35)","M","Canada","NA","Yes","Yes","Often","Yes"
"Medium","adults(35-45)","M","United States","IA","Yes","Yes","Sometimes","Yes"
"Medium","adults(25-35)","F","Poland","NA","No","Yes","Sometimes","No"
"Medium","adults(25-35)","M","United Kingdom","NA","No","No","Never","No"
"Low","adults(25-35)","M","France","NA","No","No","NA","Yes"
"Low","adults(25-35)","M","Canada","NA","No","No","Sometimes","No"
"High","adults(35-45)","M","United States","CA","Yes","No","Sometimes","Yes"
"Low","young_adults(18-25)","F","Australia","NA","Yes","Yes","Often","No"
"Medium","adults(35-45)","M","United States","TX","No","No","Sometimes","Maybe"
"Low","adults(25-35)","F","United States","NM","No","No","NA","Maybe"
"Low","adults(25-35)","M","United States","NY","No","No","Rarely","Maybe"
"Low","adults(25-35)","M","France","NA","No","No","Never","Maybe"
"Low","adults(25-35)","M","Canada","NA","No","No","Never","No"
"Medium","young_adults(18-25)","Others","United States","MA","No","No","Rarely","Maybe"
"Low","adults(35-45)","M","United Kingdom","NA","No","No","NA","No"
"Medium","adults(25-35)","M","United States","CA","No","No","Never","Maybe"
"Medium","young_adults(18-25)","M","United Kingdom","NA","No","No","NA","Yes"
"High","young_adults(18-25)","M","United States","WA","No","No","NA","No"
"Low","adults(25-35)","M","United States","WA","Yes","No","Sometimes","No"
"Low","adults(25-35)","M","United States","UT","Yes","Yes","Sometimes","Yes"
"Low","adults(25-35)","M","Germany","NA","No","No","Never","No"
"High","adults(35-45)","M","United States","NY","Yes","No","Sometimes","No"
"Medium","young_adults(18-25)","M","United Kingdom","NA","No","No","Never","No"
"Low","adults(25-35)","M","Canada","NA","No","No","Never","No"
"High","adults(25-35)","Others","United States","NY","No","Yes","Often","Maybe"
"Low","adults(25-35)","M","United States","CA","Yes","No","Never","Yes"
"Low","adults(25-35)","M","United States","TX","No","No","NA","No"
"Low","adults(35-45)","M","United Kingdom","NA","No","Yes","Often","Maybe"
"Medium","adults(25-35)","F","United States","OR","Yes","Yes","Rarely","Yes"
"Medium","adults(25-35)","F","United States","FL","No","Yes","Sometimes","Maybe"
"Low","adults(25-35)","M","United States","IL","No","No","NA","No"
"High","adults(25-35)","M","United States","NY","No","No","Never","No"
"Medium","adults(35-45)","M","United States","TX","No","Yes","Sometimes","No"
"Low","adults(25-35)","M","United States","OH","No","No","NA","Maybe"
"Medium","teens(12-18)","Others","Russia","NA","No","No","NA","No"
"Medium","young_adults(18-25)","F","Canada","NA","No","Yes","Sometimes","Maybe"
"Low","adults(25-35)","M","United States","MN","No","No","Never","No"
"Low","young_adults(18-25)","M","United States","MO","Yes","No","Rarely","Maybe"
"Low","adults(25-35)","M","Mexico","NA","Yes","Yes","Sometimes","No"
"Medium","adults(25-35)","Others","United States","AZ","No","Yes","Sometimes","Maybe"
"Medium","adults(25-35)","M","United States","IN","No","Yes","Often","No"
"Medium","adults(25-35)","F","Canada","NA","Yes","Yes","Sometimes","Yes"
"Medium","adults(35-45)","F","United States","MA","No","No","Never","Maybe"
"Low","young_adults(18-25)","M","United States","NY","Yes","No","NA","No"
"High","adults(25-35)","M","United States","WI","Yes","Yes","Sometimes","No"
"Medium","adults(25-35)","M","United States","NY","No","No","Never","No"
"Medium","adults(25-35)","M","United States","MO","Yes","No","Rarely","No"
"Low","adults(25-35)","M","United States","OR","Yes","Yes","Sometimes","No"
"Low","adults(25-35)","M","Brazil","NA","Yes","Yes","Rarely","Maybe"
"Medium","adults(25-35)","M","United States","TN","Yes","No","Never","Maybe"
"High","adults(25-35)","M","United States","WA","No","Yes","Sometimes","Maybe"
"Medium","young_adults(18-25)","M","United States","NY","No","Yes","Sometimes","Yes"
"High","adults(25-35)","M","United States","CA","No","Yes","Sometimes","No"
"High","adults(35-45)","M","United States","MO","Yes","Yes","Rarely","No"
"Medium","adults(25-35)","M","United States","NY","No","No","Never","Maybe"
"Low","adults(25-35)","M","United States","TX","No","No","NA","Maybe"
"Low","adults(25-35)","M","United Kingdom","NA","No","No","Never","No"
"Medium","young_adults(18-25)","M","United Kingdom","NA","No","No","Often","Yes"
"High","adults(25-35)","M","Canada","NA","No","No","Rarely","Maybe"
"Low","teens(12-18)","M","United States","CT","No","Yes","Rarely","No"
"Low","adults(25-35)","M","United States","CO","No","No","NA","No"
"High","adults(25-35)","M","United States","GA","No","No","Never","Yes"
"Low","young_adults(18-25)","M","United States","DC","No","No","NA","No"
"Low","adults(25-35)","M","United States","MN","Yes","Yes","Sometimes","No"
"Medium","adults(35-45)","M","United States","WA","No","No","Often","Maybe"
"Medium","adults(25-35)","M","Canada","NA","No","Yes","Never","Maybe"
"High","adults(25-35)","M","United States","WA","Yes","No","Never","Yes"
"Low","adults(25-35)","M","United Kingdom","NA","No","No","NA","No"
"High","adults(25-35)","M","United States","OR","No","Yes","Rarely","Yes"
"Low","adults(25-35)","M","United Kingdom","NA","Yes","No","Sometimes","Maybe"
"Low","young_adults(18-25)","M","Slovenia","NA","No","Yes","Sometimes","Yes"
"Medium","adults(25-35)","M","United States","IL","Yes","Yes","Sometimes","Maybe"
"Medium","adults(25-35)","M","United States","CA","No","No","Rarely","Maybe"
"Low","adults(25-35)","M","United States","NE","No","No","Never","No"
"Medium","adults(35-45)","M","Costa Rica","NA","No","No","NA","No"
"Low","young_adults(18-25)","M","Canada","NA","No","Yes","Never","No"
"Low","adults(35-45)","M","United Kingdom","NA","No","No","Never","Yes"
"Low","adults(25-35)","M","United Kingdom","NA","No","No","Never","No"
"Medium","adults(35-45)","M","United States","IA","No","Yes","Often","No"
"Low","adults(25-35)","F","United States","MD","No","No","NA","Maybe"
"Low","young_adults(18-25)","M","Austria","NA","No","No","NA","No"
"Low","adults(35-45)","M","United States","OR","Yes","Yes","Sometimes","Maybe"
"High","adults(35-45)","M","United Kingdom","NA","No","Yes","Sometimes","Yes"
"Low","adults(25-35)","M","United States","TX","No","No","Never","Yes"
"Low","adults(25-35)","F","United States","PA","Yes","No","NA","Maybe"
"High","adults(35-45)","M","United States","IN","Yes","Yes","Rarely","Maybe"
"Low","young_adults(18-25)","M","United Kingdom","NA","No","No","Never","Maybe"
"Low","young_adults(18-25)","M","United States","WV","No","No","Sometimes","Yes"
"High","adults(25-35)","M","Ireland","NA","No","Yes","Rarely","Yes"
"Low","adults(25-35)","F","United States","MI","No","No","NA","Maybe"
"Medium","young_adults(18-25)","M","Canada","NA","Yes","No","NA","Maybe"
"Low","adults(25-35)","M","United States","CA","Yes","No","Never","No"
"Low","adults(25-35)","M","Poland","NA","No","No","Rarely","No"
"Low","adults(35-45)","M","United States","IL","No","No","Never","No"
"High","adults(35-45)","M","United Kingdom","NA","Yes","Yes","Rarely","Yes"
"Low","young_adults(18-25)","M","United States","IL","Yes","Yes","Sometimes","Maybe"
"Low","adults(25-35)","M","United States","CA","Yes","Yes","Sometimes","No"
"Low","adults(25-35)","M","United States","OK","No","No","Often","Yes"
"Medium","adults(25-35)","M","United States","UT","No","Yes","Rarely","Maybe"
"Low","young_adults(18-25)","M","United States","IL","Yes","Yes","Sometimes","Maybe"
"High","adults(35-45)","M","United Kingdom","NA","No","Yes","Sometimes","Maybe"
"Medium","young_adults(18-25)","F","United States","NY","Yes","Yes","Sometimes","Yes"
"Medium","adults(25-35)","M","United States","CA","No","No","Never","No"
"Low","adults(25-35)","M","United States","MA","Yes","No","Rarely","Maybe"
"High","adults(25-35)","F","United States","WA","Yes","Yes","Sometimes","No"
"Medium","adults(25-35)","F","United Kingdom","NA","Yes","No","NA","No"
"Low","adults(25-35)","M","United States","MN","No","No","Never","Maybe"
"Medium","adults(35-45)","M","United States","CA","No","No","NA","Maybe"
"Low","young_adults(18-25)","M","Ireland","NA","Yes","No","Sometimes","Yes"
"Medium","young_adults(18-25)","M","United Kingdom","NA","No","No","Rarely","Maybe"
"Medium","adults(25-35)","M","United Kingdom","NA","No","Yes","Sometimes","No"
"Low","adults(25-35)","M","United Kingdom","NA","No","Yes","Often","Maybe"
"Low","young_adults(18-25)","M","India","NA","No","Yes","Never","Yes"
"Low","young_adults(18-25)","F","United States","NC","No","No","NA","Maybe"
"High","adults(25-35)","F","Canada","NA","Yes","Yes","Sometimes","No"
"Low","adults(25-35)","M","United States","MO","No","No","Never","Maybe"
"Medium","adults(25-35)","M","United Kingdom","NA","No","No","NA","No"
"Medium","adults(25-35)","F","United States","MA","No","Yes","Often","No"
"Medium","adults(35-45)","F","United States","CA","No","Yes","Sometimes","No"
"Low","adults(25-35)","M","United States","TX","No","No","NA","No"
"Low","adults(25-35)","M","Mexico","NA","No","No","Never","Maybe"
"Low","adults(25-35)","F","India","NA","No","No","Sometimes","Maybe"
"Low","adults(25-35)","F","United Kingdom","NA","No","No","Never","No"
"Low","adults(35-45)","M","United States","CA","No","Yes","Sometimes","Yes"
"Medium","adults(35-45)","M","United States","WA","Yes","Yes","Often","Yes"
"Medium","adults(35-45)","M","United States","MA","No","No","NA","Yes"
"Low","young_adults(18-25)","M","United Kingdom","NA","No","No","Sometimes","Maybe"
"Medium","adults(25-35)","M","France","NA","No","No","NA","No"
"Low","young_adults(18-25)","M","United Kingdom","NA","Yes","No","NA","No"
"Medium","adults(25-35)","F","United States","CA","Yes","Yes","Never","Maybe"
"Medium","adults(35-45)","F","South Africa","NA","Yes","Yes","Often","Maybe"
"Medium","adults(25-35)","M","United States","MI","Yes","Yes","Sometimes","Maybe"
"Low","adults(25-35)","M","Russia","NA","No","No","Sometimes","Yes"
"Low","adults(25-35)","M","United States","CA","No","Yes","Rarely","No"
"Low","adults(25-35)","F","Germany","NA","No","No","Sometimes","Yes"
"Low","adults(25-35)","M","Italy","NA","Yes","No","Never","Maybe"
"Low","adults(25-35)","F","United States","NY","No","No","Never","Maybe"
"Medium","adults(25-35)","M","United States","CA","No","No","Rarely","No"
"Medium","adults(25-35)","M","United States","TN","Yes","No","NA","Maybe"
"Low","adults(25-35)","M","United Kingdom","NA","Yes","Yes","Sometimes","Maybe"
"Medium","adults(25-35)","F","United States","OR","Yes","Yes","Sometimes","No"
"High","adults(25-35)","F","United States","MN","No","Yes","Sometimes","Maybe"
"Low","adults(35-45)","M","United States","FL","No","Yes","Often","Maybe"
"Medium","adults(35-45)","M","Ireland","NA","No","No","Sometimes","Yes"
"Low","adults(25-35)","M","Austria","NA","Yes","No","NA","No"
"Low","adults(25-35)","M","United Kingdom","NA","Yes","Yes","Sometimes","Yes"
"Medium","young_adults(18-25)","M","Canada","NA","No","Yes","Sometimes","No"
"Medium","adults(25-35)","M","United States","MA","No","Yes","Often","Maybe"
"Low","young_adults(18-25)","M","United States","KS","No","No","Never","No"
"Low","adults(25-35)","M","Bulgaria","NA","No","No","NA","Yes"
"High","adults(35-45)","F","United States","DC","No","No","NA","No"
"Low","adults(35-45)","M","United Kingdom","NA","Yes","No","Sometimes","Yes"
"Low","adults(25-35)","M","United Kingdom","NA","No","Yes","Often","Yes"
"Low","adults(25-35)","F","United States","TX","Yes","Yes","Sometimes","Yes"
"Medium","adults(25-35)","F","United States","MA","No","Yes","Sometimes","No"
"Low","adults(25-35)","F","United States","MI","Yes","Yes","Sometimes","No"
"Medium","adults(25-35)","M","Germany","NA","No","Yes","Often","No"
"Medium","adults(25-35)","M","Canada","NA","No","No","NA","No"
"Medium","adults(25-35)","F","United States","NY","No","Yes","Never","Maybe"
"Medium","adults(35-45)","M","United States","VA","No","No","NA","Yes"
"Medium","adults(25-35)","F","United States","WA","No","No","NA","No"
"Low","adults(25-35)","M","United Kingdom","NA","No","No","NA","No"
"Low","adults(25-35)","M","United States","PA","No","No","Rarely","No"
"Medium","adults(25-35)","M","United States","MI","No","Yes","Sometimes","Yes"
"Low","young_adults(18-25)","M","United States","PA","No","No","Never","No"
"Low","young_adults(18-25)","M","United States","OR","No","No","NA","No"
"Medium","adults(25-35)","M","United States","WA","No","No","Rarely","No"
"Medium","adults(25-35)","M","Australia","NA","No","No","Sometimes","Yes"
"Medium","young_adults(18-25)","M","United States","PA","No","No","Never","Maybe"
"Medium","adults(25-35)","M","United Kingdom","NA","No","Yes","Sometimes","Maybe"
"Medium","adults(35-45)","M","United States","OH","No","Yes","Sometimes","Maybe"
"Medium","adults(35-45)","M","United States","TX","No","Yes","Rarely","Maybe"
"Low","adults(35-45)","M","United Kingdom","NA","No","Yes","Sometimes","Yes"
"Low","adults(35-45)","M","United States","NH","No","No","Sometimes","Maybe"
"Low","adults(25-35)","M","Netherlands","NA","No","No","NA","No"
"Low","young_adults(18-25)","M","United Kingdom","NA","No","No","Never","Yes"
"Medium","adults(35-45)","M","Canada","NA","Yes","Yes","Often","Maybe"
"Low","adults(25-35)","M","United Kingdom","NA","Yes","No","NA","No"
"High","adults(35-45)","F","United States","NC","Yes","Yes","Sometimes","No"
"High","adults(25-35)","F","Canada","NA","Yes","Yes","Sometimes","No"
"Low","young_adults(18-25)","M","Sweden","NA","No","No","NA","No"
"Low","adults(25-35)","M","United States","FL","Yes","Yes","Sometimes","Maybe"
"High","adults(25-35)","M","United States","CA","Yes","Yes","Sometimes","No"
"Low","young_adults(18-25)","M","South Africa","NA","No","No","NA","Maybe"
"Medium","adults(25-35)","M","United States","GA","No","No","Never","No"
"High","adults(35-45)","M","United States","OH","No","Yes","Sometimes","Yes"
"Low","young_adults(18-25)","M","United States","KY","No","Yes","Often","Maybe"
"Low","adults(25-35)","M","United Kingdom","NA","No","No","NA","No"
"Low","adults(25-35)","M","United States","NC","Yes","Yes","Sometimes","Maybe"
"High","adults(25-35)","F","United States","NY","Yes","Yes","Rarely","Maybe"
"Low","young_adults(18-25)","M","United States","AL","Yes","Yes","Sometimes","Maybe"
"Medium","adults(25-35)","M","United States","GA","Yes","No","NA","No"
"High","adults(25-35)","M","United States","CA","Yes","Yes","Rarely","No"
"Low","adults(25-35)","M","United Kingdom","NA","No","No","NA","Maybe"
"Low","young_adults(18-25)","M","United States","VA","No","No","Sometimes","No"
"Low","adults(25-35)","M","Canada","NA","No","No","Often","Yes"
"Low","young_adults(18-25)","F","United Kingdom","NA","No","Yes","Sometimes","Maybe"
"Medium","adults(35-45)","M","United States","WA","No","No","Never","No"
"Low","young_adults(18-25)","M","United Kingdom","NA","No","No","NA","Yes"
"Medium","young_adults(18-25)","M","Australia","NA","Yes","Yes","Often","Yes"
"Medium","adults(25-35)","F","United States","TX","No","Yes","Rarely","Maybe"
"Medium","adults(25-35)","M","Canada","NA","No","No","Sometimes","Yes"
"High","adults(25-35)","M","United States","FL","No","Yes","Sometimes","No"
"Medium","adults(25-35)","M","Poland","NA","Yes","Yes","Rarely","Maybe"
"Low","adults(35-45)","M","Canada","NA","No","No","NA","Maybe"
"Medium","adults(25-35)","M","United States","NV","No","No","NA","No"
"Medium","adults(35-45)","M","United States","AL","No","Yes","Sometimes","No"
"Low","adults(25-35)","M","United Kingdom","NA","Yes","Yes","Sometimes","Maybe"
"Medium","adults(35-45)","F","United States","CA","Yes","Yes","Often","Maybe"
"Low","adults(25-35)","M","United States","CO","No","No","Never","No"
"Low","adults(25-35)","M","Ireland","NA","No","No","Sometimes","No"
"Medium","young_adults(18-25)","F","United States","MN","Yes","Yes","Never","No"
"High","adults(25-35)","M","United States","NJ","No","No","NA","No"
"Medium","adults(25-35)","M","United Kingdom","NA","No","No","Sometimes","Maybe"
"Medium","adults(35-45)","M","United States","PA","No","Yes","Rarely","Yes"
"High","adults(25-35)","M","Canada","NA","No","No","NA","No"
"Medium","adults(25-35)","M","United States","MO","No","No","NA","Maybe"
"Medium","adults(25-35)","M","Colombia","NA","No","No","Sometimes","Maybe"
"High","adults(25-35)","M","United States","MN","No","Yes","Rarely","Maybe"
"Low","young_adults(18-25)","M","United States","PA","Yes","No","Sometimes","Maybe"
"Medium","young_adults(18-25)","M","Australia","NA","Yes","Yes","Sometimes","Maybe"
"Low","adults(25-35)","M","Portugal","NA","No","No","Never","Yes"
"Low","teens(12-18)","M","United States","TX","No","Yes","Sometimes","Yes"
"Medium","adults(25-35)","M","United States","NY","Yes","Yes","Sometimes","Yes"
"Low","young_adults(18-25)","M","Canada","NA","No","No","NA","No"
"Low","adults(25-35)","M","United Kingdom","NA","Yes","Yes","Sometimes","Maybe"
"Medium","adults(25-35)","F","United States","WA","Yes","Yes","Rarely","Maybe"
"Low","teens(12-18)","M","United States","WA","No","No","Never","No"
"Medium","adults(35-45)","F","United States","TX","No","Yes","Sometimes","No"
"High","adults(25-35)","F","United States","TX","Yes","Yes","Rarely","Maybe"
"Low","adults(25-35)","M","Switzerland","NA","No","No","Never","No"
"Low","adults(25-35)","M","United States","CA","No","No","Never","Yes"
"Medium","adults(35-45)","M","United States","NY","Yes","Yes","Sometimes","Maybe"
"Medium","adults(25-35)","M","United States","CA","No","No","Never","Maybe"
"Medium","seniors(55-65)","M","United States","NA","No","Yes","Never","No"
"Low","young_adults(18-25)","F","United States","CA","No","No","NA","Maybe"
"High","adults(25-35)","F","United States","SC","Yes","Yes","Sometimes","No"
"Medium","seniors(55-65)","M","United States","CA","No","No","NA","No"
"High","adults(25-35)","M","United States","CA","Yes","Yes","Sometimes","Yes"
"High","adults(35-45)","M","United States","NY","No","No","Never","No"
"High","young_adults(18-25)","F","United States","NY","No","Yes","Sometimes","No"
"Medium","adults(25-35)","F","United States","CA","No","Yes","Sometimes","No"
"Medium","adults(25-35)","M","United States","MA","No","No","Rarely","No"
"High","adults(25-35)","F","United States","WA","Yes","Yes","Often","Yes"
"High","adults(35-45)","F","United States","CA","No","Yes","Rarely","No"
"Medium","adults(25-35)","M","Canada","NA","Yes","Yes","Often","Maybe"
"Medium","adults(25-35)","Others","United States","IL","Yes","Yes","Rarely","Maybe"
"Low","adults(25-35)","M","United States","IN","No","No","NA","No"
"Low","young_adults(18-25)","M","United States","OR","No","No","NA","No"
"High","adults(25-35)","M","United States","TN","No","No","Sometimes","Maybe"
"Low","young_adults(18-25)","M","Canada","NA","No","Yes","Often","Yes"
"Medium","adults(25-35)","M","United States","OR","No","Yes","Rarely","No"
"Medium","adults(35-45)","M","United States","WA","No","Yes","Never","Maybe"
"Medium","adults(25-35)","M","United States","CA","Yes","Yes","Sometimes","Yes"
"Low","adults(25-35)","M","United States","CA","Yes","No","NA","No"
"Low","adults(25-35)","M","United States","VT","No","No","NA","Maybe"
"Low","adults(25-35)","M","United States","NY","No","No","NA","Maybe"
"High","young_adults(18-25)","M","United States","UT","No","No","Never","No"
"High","young_adults(18-25)","F","United States","NY","Yes","Yes","Often","Maybe"
"Medium","adults(25-35)","M","Latvia","NY","No","No","NA","Maybe"
"High","adults(35-45)","M","United States","SD","Yes","Yes","Rarely","No"
"Medium","adults(25-35)","M","United States","CA","No","Yes","Sometimes","Yes"
"Medium","adults(25-35)","M","United States","OR","No","No","Never","No"
"High","young_adults(18-25)","F","United States","CA","Yes","Yes","Sometimes","Maybe"
"Medium","young_adults(18-25)","M","United States","CA","No","Yes","Rarely","Maybe"
"Low","young_adults(18-25)","M","United States","CA","No","No","NA","Maybe"
"High","adults(25-35)","F","United States","CO","No","No","Never","Maybe"
"Medium","young_adults(18-25)","M","United States","CA","Yes","Yes","Sometimes","No"
"Medium","adults(25-35)","M","United States","OH","No","No","Never","Maybe"
"Low","adults(25-35)","M","Germany","NA","Yes","Yes","Rarely","Yes"
"High","young_adults(18-25)","M","United States","WA","No","No","NA","No"
"Medium","young_adults(18-25)","M","Canada","NA","Yes","Yes","Sometimes","Yes"
"Low","adults(25-35)","M","United States","OH","No","No","NA","Maybe"
"Low","adults(35-45)","M","Ireland","NA","No","Yes","Often","No"
"Medium","adults(25-35)","M","Romania","NA","No","No","NA","Maybe"
"Medium","adults(45-55)","M","United States","WA","No","No","Never","No"
"Low","adults(25-35)","M","United Kingdom","NA","No","Yes","Sometimes","Yes"
"Medium","adults(25-35)","F","United States","CA","No","No","Sometimes","Maybe"
"Medium","young_adults(18-25)","M","United States","MA","No","No","NA","Yes"
"High","adults(25-35)","M","United States","WA","No","No","NA","No"
"Low","adults(25-35)","M","United States","MI","No","No","NA","No"
"Medium","adults(25-35)","F","United States","WA","Yes","No","Sometimes","Yes"
"Low","adults(25-35)","M","United States","CA","No","No","Sometimes","Yes"
"Low","adults(35-45)","M","United States","IA","No","No","NA","Maybe"
"Low","adults(25-35)","M","United Kingdom","NA","No","No","Rarely","Yes"
"Medium","young_adults(18-25)","F","United States","WA","Yes","Yes","Sometimes","No"
"Low","young_adults(18-25)","M","United States","AL","Yes","Yes","Sometimes","No"
"Medium","adults(45-55)","M","United States","CA","Yes","Yes","Never","No"
"Low","young_adults(18-25)","M","United States","CA","No","No","Sometimes","Maybe"
"Medium","young_adults(18-25)","Others","United States","CA","Yes","Yes","Sometimes","Maybe"
"Low","adults(25-35)","M","Belgium","NA","No","No","Often","Maybe"
"High","adults(25-35)","M","United States","MA","No","Yes","Sometimes","No"
"Low","adults(25-35)","M","United Kingdom","NA","No","No","Never","No"
"Medium","adults(25-35)","M","United States","CA","Yes","Yes","Often","Maybe"
"High","young_adults(18-25)","F","Sweden","NA","Yes","No","Sometimes","No"
"Medium","adults(25-35)","M","United States","CA","No","Yes","Sometimes","No"
"Low","adults(25-35)","M","United States","IN","Yes","Yes","Sometimes","Maybe"
"High","adults(25-35)","M","United States","WA","Yes","Yes","Sometimes","Maybe"
"Low","adults(25-35)","M","United States","WA","No","Yes","Sometimes","Yes"
"Medium","adults(25-35)","M","United States","IN","No","No","NA","No"
"Low","adults(25-35)","F","United States","WA","No","No","NA","Maybe"
"Low","adults(25-35)","M","Germany","NA","Yes","Yes","Rarely","No"
"Low","adults(25-35)","M","United States","OK","Yes","Yes","Rarely","Maybe"
"High","adults(25-35)","M","United States","MI","Yes","Yes","Rarely","No"
"Low","adults(25-35)","M","United States","GA","Yes","Yes","Sometimes","Maybe"
"High","adults(25-35)","M","United States","CA","Yes","No","NA","No"
"Medium","adults(35-45)","M","United States","NA","Yes","Yes","Often","No"
"Medium","young_adults(18-25)","M","United States","IN","Yes","Yes","Rarely","No"
"Low","young_adults(18-25)","M","United Kingdom","NA","No","Yes","Sometimes","Yes"
"High","young_adults(18-25)","F","United States","WA","No","No","NA","No"
"High","adults(35-45)","M","United States","WA","Yes","Yes","Often","Maybe"
"High","adults(45-55)","M","United States","PA","Yes","Yes","Rarely","No"
"High","adults(25-35)","F","United States","WA","No","Yes","Sometimes","Maybe"
"Low","young_adults(18-25)","F","United States","CA","Yes","Yes","Rarely","Yes"
"Medium","adults(35-45)","M","United States","MA","No","Yes","Never","Maybe"
"Medium","adults(25-35)","F","United States","WA","No","Yes","Rarely","Yes"
"Low","young_adults(18-25)","F","United States","WA","Yes","Yes","Sometimes","Maybe"
"High","adults(25-35)","F","United States","NY","Yes","Yes","Rarely","Maybe"
"High","adults(25-35)","F","United States","CA","Yes","Yes","Never","Maybe"
"Medium","adults(35-45)","M","Canada","NA","No","Yes","Never","No"
"High","adults(25-35)","M","United States","CA","No","Yes","Rarely","No"
"Medium","adults(25-35)","M","United States","IN","Yes","Yes","Sometimes","No"
"Low","young_adults(18-25)","M","Germany","NA","Yes","Yes","Often","No"
"Low","adults(25-35)","M","United States","NV","No","Yes","Sometimes","Yes"
"Medium","adults(25-35)","F","United States","CO","Yes","Yes","Rarely","Maybe"
"Low","adults(35-45)","M","New Zealand","NA","No","No","Never","No"
"Medium","adults(25-35)","Others","United States","CA","Yes","Yes","Sometimes","Yes"
"Low","young_adults(18-25)","F","United States","CA","No","Yes","Sometimes","Yes"
"High","adults(25-35)","F","Sweden","NA","Yes","Yes","Rarely","Maybe"
"Medium","adults(35-45)","F","United States","PA","Yes","Yes","Rarely","Maybe"
"Low","adults(25-35)","M","United States","SC","No","No","Never","Yes"
"Low","adults(25-35)","M","Canada","NA","Yes","Yes","Often","No"
"Low","young_adults(18-25)","F","United States","TX","Yes","No","NA","Yes"
"Medium","adults(25-35)","M","United States","TX","No","No","Never","Maybe"
"Low","adults(45-55)","M","United Kingdom","NA","No","No","NA","Maybe"
"Low","adults(25-35)","M","United Kingdom","NA","No","No","Sometimes","Maybe"
"Low","adults(25-35)","F","United States","AL","No","No","Never","Maybe"
"Low","adults(25-35)","M","Canada","NA","No","Yes","Sometimes","Maybe"
"Medium","adults(25-35)","M","United States","OR","Yes","Yes","Often","Maybe"
"Medium","adults(25-35)","M","United States","NJ","Yes","Yes","Sometimes","Maybe"
"Low","young_adults(18-25)","M","United States","CA","No","No","NA","No"
"Medium","adults(25-35)","M","United States","CA","Yes","Yes","Sometimes","Maybe"
"Low","adults(25-35)","M","Germany","NA","Yes","Yes","Sometimes","Maybe"
"High","adults(25-35)","M","United States","CA","Yes","No","NA","No"
"High","adults(25-35)","M","United States","NH","Yes","Yes","Never","Yes"
"Low","adults(25-35)","M","United States","CA","No","No","NA","Yes"
"Low","young_adults(18-25)","M","Brazil","NA","No","No","Never","No"
"Low","adults(25-35)","F","Spain","NA","Yes","No","NA","Yes"
"Medium","adults(25-35)","M","United States","OH","Yes","Yes","Often","Yes"
"Low","adults(25-35)","F","United States","OH","Yes","Yes","Rarely","Yes"
"Low","young_adults(18-25)","M","United States","MA","Yes","No","Never","No"
"Low","adults(25-35)","Others","United Kingdom","NA","Yes","Yes","Sometimes","Yes"
"Low","adults(25-35)","F","United States","OK","No","Yes","Sometimes","No"
"Low","adults(25-35)","M","United States","CA","Yes","No","Often","Maybe"
"Low","adults(25-35)","F","Germany","NA","Yes","Yes","Sometimes","No"
"Low","young_adults(18-25)","M","India","NA","No","No","NA","No"
"Low","adults(25-35)","M","Finland","NA","No","No","Never","No"
"Medium","adults(45-55)","M","United States","ID","Yes","Yes","Sometimes","Yes"
"Medium","adults(25-35)","M","Germany","NA","Yes","Yes","Rarely","No"
"Low","adults(25-35)","M","Uruguay","NA","No","No","NA","No"
"High","adults(25-35)","M","New Zealand","NA","Yes","Yes","Sometimes","No"
"Low","adults(25-35)","M","United Kingdom","NA","Yes","Yes","Sometimes","No"
"Medium","adults(25-35)","F","United States","NY","No","Yes","Rarely","Maybe"
"Medium","young_adults(18-25)","M","United States","CA","No","No","Sometimes","No"
"Medium","young_adults(18-25)","M","United States","TX","Yes","Yes","Sometimes","Yes"
"Medium","adults(25-35)","F","United States","MD","No","No","NA","Maybe"
"Medium","young_adults(18-25)","M","United States","IN","No","No","NA","No"
"High","young_adults(18-25)","F","United States","OR","No","No","NA","No"
"Low","adults(25-35)","M","Canada","NA","No","No","Never","Maybe"
"Low","young_adults(18-25)","F","United States","NY","Yes","Yes","Rarely","Yes"
"Low","adults(25-35)","M","United States","MS","No","Yes","Often","Yes"
"Low","adults(25-35)","M","United States","NJ","No","No","Sometimes","Maybe"
"Low","adults(25-35)","F","United States","CA","No","Yes","Sometimes","Maybe"
"Low","adults(25-35)","M","United States","TN","No","No","Never","No"
"Low","adults(25-35)","M","United States","WA","No","No","NA","No"
"Low","young_adults(18-25)","M","Australia","NA","No","No","NA","No"
"Medium","young_adults(18-25)","F","United States","MA","No","Yes","Sometimes","Maybe"
"High","adults(25-35)","M","United States","PA","Yes","Yes","Rarely","No"
"Low","adults(25-35)","M","United Kingdom","NA","Yes","No","Sometimes","Maybe"
"Medium","adults(35-45)","M","United States","KY","No","No","Rarely","Maybe"
"High","adults(35-45)","M","United States","PA","No","Yes","Sometimes","Maybe"
"Medium","adults(25-35)","F","United States","MA","No","No","NA","No"
"Medium","young_adults(18-25)","M","Canada","NA","Yes","Yes","Sometimes","No"
"Medium","adults(35-45)","M","United States","CA","Yes","No","Often","Yes"
"Medium","adults(25-35)","M","United States","VT","Yes","No","NA","Maybe"
"Medium","adults(25-35)","F","United States","CA","No","Yes","Sometimes","Yes"
"High","young_adults(18-25)","M","United States","AZ","No","Yes","Rarely","No"
"High","adults(35-45)","M","Canada","NA","Yes","Yes","Rarely","Maybe"
"Medium","adults(35-45)","M","United States","MA","Yes","Yes","Often","No"
"High","adults(35-45)","Others","United States","VA","Yes","No","Never","Yes"
"High","adults(25-35)","M","United States","WA","Yes","Yes","Often","Yes"
"Low","adults(25-35)","M","United States","CA","No","Yes","Sometimes","Yes"
"Low","adults(25-35)","M","United States","OR","Yes","Yes","Sometimes","Yes"
"Low","adults(35-45)","M","United States","MI","No","No","Sometimes","No"
"Medium","adults(25-35)","M","Brazil","NA","No","No","Rarely","Maybe"
"Medium","adults(25-35)","M","Netherlands","NA","Yes","No","Never","Yes"
"Low","adults(25-35)","M","United Kingdom","NA","No","No","Never","Maybe"
"Medium","adults(35-45)","M","United States","OR","No","No","NA","Maybe"
"Low","adults(25-35)","M","United Kingdom","NA","No","No","NA","No"
"High","adults(25-35)","F","United States","CA","No","No","Never","Maybe"
"Medium","adults(25-35)","M","United States","UT","No","No","Sometimes","Yes"
"Low","adults(25-35)","F","United States","CA","Yes","No","Never","Maybe"
"Medium","adults(25-35)","M","United States","TX","Yes","Yes","Sometimes","Yes"
"Low","adults(35-45)","M","United Kingdom","NA","No","Yes","Sometimes","Maybe"
"Medium","seniors(55-65)","M","United States","CA","Yes","Yes","Rarely","Maybe"
"Low","adults(25-35)","M","United Kingdom","NA","No","Yes","Sometimes","Yes"
"Medium","adults(25-35)","M","France","NA","No","No","Never","Maybe"
"Medium","adults(35-45)","F","Netherlands","NA","No","Yes","Rarely","Yes"
"High","adults(25-35)","M","United States","OR","No","Yes","Sometimes","No"
"High","seniors(55-65)","M","United States","CA","No","Yes","Rarely","Maybe"
"Low","adults(25-35)","M","United States","OH","No","No","Sometimes","Yes"
"High","adults(35-45)","F","United Kingdom","NA","No","Yes","Sometimes","Yes"
"Low","adults(25-35)","M","United States","OH","No","No","Sometimes","Maybe"
"High","seniors(55-65)","M","United States","CA","No","Yes","Sometimes","Maybe"
"Low","adults(25-35)","M","Germany","NA","Yes","Yes","Sometimes","Yes"
"Low","young_adults(18-25)","M","Germany","NA","Yes","Yes","Often","No"
"Low","teens(12-18)","M","Finland","NA","No","No","NA","Yes"
"Low","adults(25-35)","F","United States","NY","No","No","NA","Maybe"
"Low","young_adults(18-25)","M","United States","VA","No","No","Never","No"
"High","adults(35-45)","M","United States","CA","No","Yes","Sometimes","Yes"
"Low","teens(12-18)","F","United Kingdom","NA","Yes","Yes","Sometimes","Maybe"
"Medium","adults(25-35)","M","United States","IL","No","Yes","Rarely","Maybe"
"Low","adults(45-55)","M","United States","TX","No","No","Never","Maybe"
"Medium","adults(35-45)","M","Germany","NA","No","Yes","Sometimes","Maybe"
"Low","adults(25-35)","F","United States","NY","Yes","Yes","Sometimes","Yes"
"Medium","adults(25-35)","M","United States","CA","Yes","Yes","Often","No"
"Low","adults(25-35)","M","Israel","MD","No","No","Sometimes","Maybe"
"Low","adults(25-35)","M","Italy","NA","No","No","Never","Maybe"
"Medium","adults(25-35)","M","United States","CA","No","No","NA","No"
"Low","adults(25-35)","M","United States","PA","No","No","Rarely","No"
"Low","adults(25-35)","M","Israel","NA","No","No","NA","Yes"
"Low","young_adults(18-25)","F","United States","CA","Yes","Yes","Sometimes","No"
"Low","young_adults(18-25)","M","United States","WA","No","No","NA","Maybe"
"Medium","young_adults(18-25)","F","United States","NY","Yes","Yes","Often","Maybe"
"Medium","adults(35-45)","M","United States","TX","No","Yes","Sometimes","Yes"
"Low","young_adults(18-25)","F","United States","CA","Yes","Yes","Often","Yes"
"High","adults(45-55)","M","United Kingdom","NA","No","Yes","Sometimes","No"
"Low","adults(25-35)","M","Netherlands","NA","No","No","Rarely","No"
"Medium","adults(35-45)","F","United States","AZ","No","Yes","NA","Maybe"
"Low","adults(35-45)","M","Ireland","NA","Yes","No","NA","Yes"
"Low","adults(25-35)","M","United Kingdom","NA","No","No","NA","No"
"Medium","young_adults(18-25)","M","Germany","NA","No","No","Never","No"
"Medium","adults(25-35)","F","United States","OH","No","Yes","Sometimes","Yes"
"High","adults(45-55)","M","United States","CA","No","Yes","Sometimes","Maybe"
"Medium","adults(35-45)","M","United States","KS","No","No","Never","Maybe"
"Medium","adults(25-35)","M","United Kingdom","NA","Yes","Yes","Sometimes","No"
"High","adults(45-55)","M","United States","CA","Yes","Yes","Sometimes","No"
"Medium","young_adults(18-25)","M","United States","CA","No","No","NA","No"
"High","adults(25-35)","F","United States","NY","No","Yes","Sometimes","No"
"Low","young_adults(18-25)","F","United States","WA","No","No","Sometimes","Maybe"
"Low","adults(25-35)","M","United States","CA","No","No","NA","Maybe"
"High","adults(35-45)","M","United States","WA","No","No","Never","No"
"High","adults(35-45)","M","United States","VA","Yes","Yes","Sometimes","Yes"
"Low","adults(35-45)","M","United States","NC","No","No","NA","Maybe"
"High","adults(45-55)","M","United States","OH","No","Yes","Rarely","No"
"High","adults(35-45)","F","United States","PA","Yes","Yes","Sometimes","Maybe"
"Medium","adults(25-35)","M","Germany","NA","No","Yes","Sometimes","Yes"
"Medium","adults(25-35)","M","United Kingdom","NA","Yes","Yes","Often","Maybe"
"High","seniors(55-65)","M","United States","CA","No","No","Never","Maybe"
"Low","young_adults(18-25)","F","United States","TX","No","No","NA","Maybe"
"Low","adults(25-35)","M","United States","AZ","No","No","NA","Maybe"
"Low","young_adults(18-25)","M","Bosnia and Herzegovina","NA","Yes","No","Rarely","Maybe"
"Medium","adults(35-45)","M","United States","IL","Yes","Yes","Sometimes","Maybe"
"High","adults(35-45)","F","United States","NA","Yes","Yes","Rarely","Maybe"
"Medium","young_adults(18-25)","M","Austria","NA","No","No","Sometimes","No"
"Medium","adults(45-55)","M","New Zealand","NA","No","Yes","Sometimes","Yes"
"High","adults(25-35)","M","United States","NC","No","Yes","Sometimes","No"
"Low","adults(25-35)","F","Canada","NA","Yes","Yes","Sometimes","Maybe"
"Low","adults(25-35)","M","United Kingdom","NA","No","No","NA","No"
"High","adults(25-35)","M","Australia","NA","No","Yes","Rarely","No"
"Low","adults(25-35)","F","Hungary","NA","Yes","No","Sometimes","Yes"
"Low","young_adults(18-25)","M","Sweden","NA","No","No","Rarely","No"
"Low","young_adults(18-25)","M","Canada","NA","No","No","Never","Yes"
"Medium","adults(25-35)","F","Australia","NA","Yes","Yes","Sometimes","Yes"
"High","adults(35-45)","M","United States","WI","Yes","Yes","Often","Yes"
"Low","adults(25-35)","M","United States","CA","Yes","Yes","Never","Maybe"
"Low","adults(25-35)","M","United Kingdom","NA","No","No","Never","Maybe"
"Medium","young_adults(18-25)","F","United States","CA","Yes","Yes","Sometimes","No"
"Low","adults(25-35)","F","United States","MN","Yes","Yes","Often","Maybe"
"Medium","adults(25-35)","F","United States","PA","Yes","Yes","Rarely","No"
"Low","adults(25-35)","M","United Kingdom","NA","No","No","Never","No"
"Medium","adults(25-35)","F","United States","CA","Yes","Yes","Often","Yes"
"Low","adults(25-35)","Others","United Kingdom","NA","Yes","Yes","Rarely","Yes"
"Low","young_adults(18-25)","F","United Kingdom","NA","No","No","NA","Maybe"
"Low","adults(25-35)","M","United Kingdom","NA","No","No","Never","No"
"Medium","adults(35-45)","M","United States","CA","Yes","Yes","Sometimes","Yes"
"High","young_adults(18-25)","M","United States","CA","Yes","No","NA","No"
"Low","adults(25-35)","M","Germany","NA","No","No","Often","Maybe"
"Low","young_adults(18-25)","F","United States","CA","Yes","No","NA","Maybe"
"Low","adults(25-35)","M","New Zealand","NA","No","Yes","Sometimes","No"
"Low","adults(25-35)","F","Canada","NA","No","Yes","Sometimes","Maybe"
"Medium","young_adults(18-25)","Others","United Kingdom","NA","No","Yes","Sometimes","Maybe"
"Low","adults(25-35)","F","New Zealand","NA","Yes","Yes","Rarely","Maybe"
"Low","adults(25-35)","F","Canada","NA","No","Yes","Often","Maybe"
"High","adults(25-35)","M","Australia","NA","No","No","Sometimes","No"
"Low","adults(25-35)","M","United States","NY","No","No","NA","Yes"
"Low","young_adults(18-25)","M","Netherlands","NA","Yes","Yes","Sometimes","No"
"Low","young_adults(18-25)","M","United States","CA","No","No","NA","Maybe"
"Low","seniors(55-65)","M","United States","FL","No","No","NA","Maybe"
"Low","adults(25-35)","M","United States","OR","Yes","Yes","Sometimes","No"
"Low","adults(25-35)","M","Australia","NA","No","No","Never","No"
"Low","adults(35-45)","M","United States","CO","No","Yes","Rarely","No"
"Low","adults(35-45)","M","Canada","NA","No","No","Never","No"
"Medium","adults(25-35)","M","United States","GA","No","Yes","Sometimes","Maybe"
"Medium","adults(35-45)","M","United States","OR","No","Yes","Sometimes","Yes"
"Medium","adults(25-35)","M","United States","CA","No","Yes","Sometimes","No"
"Medium","adults(25-35)","M","United States","CA","Yes","No","Sometimes","Maybe"
"Low","adults(35-45)","M","United States","PA","Yes","Yes","Sometimes","Maybe"
"Medium","young_adults(18-25)","M","United States","CA","Yes","Yes","Rarely","Maybe"
"High","adults(35-45)","M","United States","CA","No","Yes","Often","Maybe"
"Medium","adults(25-35)","F","United States","NY","No","No","Sometimes","No"
"Medium","adults(25-35)","F","United States","MA","Yes","Yes","Sometimes","No"
"Medium","adults(45-55)","M","United States","NA","No","No","Never","No"
"Low","adults(35-45)","M","United States","PA","Yes","No","Never","No"
"Low","young_adults(18-25)","M","United States","RI","No","No","NA","No"
"Low","adults(25-35)","M","United States","MI","Yes","No","Sometimes","No"
"Medium","adults(25-35)","M","Canada","NA","No","No","Never","Yes"
"Medium","adults(25-35)","M","United States","IL","Yes","Yes","Sometimes","Maybe"
"Medium","adults(35-45)","M","United States","CA","Yes","Yes","Often","Maybe"
"Low","adults(45-55)","M","United States","OR","Yes","No","NA","No"
"High","adults(25-35)","M","Canada","NA","No","Yes","Never","Maybe"
"Medium","adults(25-35)","M","United States","IN","No","No","Never","No"
"Low","adults(25-35)","M","Singapore","NA","No","No","Sometimes","Yes"
"Low","adults(35-45)","F","United States","MA","No","No","Never","Maybe"
"Low","adults(25-35)","M","Australia","NA","No","Yes","Often","Maybe"
"High","adults(25-35)","F","United States","MI","No","No","Never","Maybe"
"Low","adults(25-35)","M","United States","OH","Yes","Yes","Sometimes","Maybe"
"Medium","adults(35-45)","M","United States","OH","No","Yes","Sometimes","No"
"Medium","adults(25-35)","M","United States","NH","Yes","Yes","Sometimes","Maybe"
"Low","adults(25-35)","M","United States","OH","Yes","Yes","Sometimes","Yes"
"Low","young_adults(18-25)","M","Canada","NA","Yes","Yes","Sometimes","Maybe"
"High","adults(35-45)","M","United States","TN","Yes","Yes","Sometimes","Maybe"
"High","adults(25-35)","M","United States","OR","Yes","No","Never","No"
"Medium","young_adults(18-25)","M","United States","PA","No","No","Rarely","No"
"Medium","young_adults(18-25)","F","United States","NA","Yes","Yes","Sometimes","Yes"
"Low","adults(25-35)","M","United States","NY","No","No","NA","Yes"
"Low","adults(35-45)","M","United States","WA","No","No","NA","No"
"Low","adults(25-35)","M","United States","NY","Yes","Yes","Rarely","Yes"
"High","adults(25-35)","M","United States","CA","Yes","No","Often","No"
"Medium","adults(25-35)","M","United States","TN","Yes","No","NA","No"
"Medium","adults(25-35)","M","United States","WI","Yes","Yes","Sometimes","Yes"
"Medium","adults(25-35)","Others","United States","WI","Yes","Yes","Often","No"
"Medium","adults(25-35)","M","United States","PA","No","No","NA","Maybe"
"Medium","adults(25-35)","M","United States","MI","No","No","Sometimes","Maybe"
"Low","adults(45-55)","M","United States","WY","No","No","Sometimes","Yes"
"Low","young_adults(18-25)","M","United States","KY","No","No","Never","Maybe"
"Low","adults(25-35)","M","United States","NY","No","No","NA","No"
"Low","adults(25-35)","M","Australia","NA","No","No","Never","Yes"
"Medium","adults(25-35)","M","United States","TX","No","Yes","Sometimes","No"
"Medium","adults(35-45)","M","United States","WI","No","No","Rarely","No"
"Low","adults(35-45)","M","United States","WA","No","No","Often","Maybe"
"Low","adults(25-35)","M","Singapore","NA","No","No","Sometimes","Maybe"
"Medium","adults(25-35)","M","United States","WA","No","No","Rarely","Yes"
"Medium","adults(25-35)","M","United States","GA","No","Yes","Often","No"
"Medium","adults(25-35)","M","United States","MI","No","No","Never","No"
"Medium","adults(25-35)","M","United States","MD","Yes","Yes","Rarely","Yes"
"Low","adults(35-45)","M","Netherlands","NA","Yes","No","Often","Maybe"
"Medium","young_adults(18-25)","M","United Kingdom","NA","Yes","Yes","Sometimes","No"
"Low","young_adults(18-25)","M","Germany","NA","Yes","No","Sometimes","No"
"Low","young_adults(18-25)","M","Netherlands","NA","No","No","Never","No"
"Medium","adults(25-35)","F","United States","WA","No","Yes","Often","Maybe"
"High","young_adults(18-25)","F","United States","CA","Yes","Yes","Sometimes","Yes"
"Low","adults(25-35)","F","United States","OR","Yes","Yes","Sometimes","No"
"High","adults(25-35)","F","United States","CA","Yes","Yes","Rarely","Maybe"
"Medium","adults(35-45)","Others","Canada","NA","Yes","Yes","Sometimes","Yes"
"Medium","adults(25-35)","M","United States","CA","Yes","Yes","Sometimes","No"
"Medium","adults(25-35)","M","Canada","NA","No","No","Sometimes","Yes"
"Medium","adults(25-35)","M","United States","MI","Yes","Yes","Sometimes","Yes"
"Low","young_adults(18-25)","F","United Kingdom","NA","No","Yes","Sometimes","Maybe"
"Medium","seniors(55-65)","M","United States","MA","Yes","Yes","Rarely","Yes"
"Low","adults(25-35)","M","Germany","NA","No","No","Sometimes","No"
"Medium","adults(25-35)","F","United States","CA","No","Yes","Sometimes","Maybe"
"Medium","adults(25-35)","M","Germany","NA","No","Yes","Rarely","No"
"Low","adults(25-35)","M","Germany","NA","No","No","Never","No"
"Low","adults(35-45)","M","Poland","NA","Yes","Yes","Often","No"
"Low","adults(25-35)","M","United Kingdom","NA","No","Yes","Often","No"
"Medium","adults(25-35)","M","United States","NA","No","No","NA","No"
"Medium","adults(45-55)","M","Japan","NA","Yes","Yes","Sometimes","Yes"
"Medium","adults(35-45)","M","Germany","NA","No","No","NA","No"
"Low","adults(25-35)","M","Germany","NA","No","No","NA","Maybe"
"High","adults(25-35)","F","Australia","NA","Yes","Yes","Sometimes","Yes"
"High","seniors(55-65)","M","United States","CA","No","No","Never","Yes"
"Medium","adults(25-35)","F","Belgium","NA","Yes","Yes","Rarely","Maybe"
"Low","adults(35-45)","M","Ireland","NA","No","No","Never","Yes"
"Low","young_adults(18-25)","M","Ireland","NA","Yes","Yes","Sometimes","Maybe"
"Low","adults(25-35)","M","Australia","NA","No","No","Sometimes","No"
"High","adults(25-35)","F","Australia","NA","Yes","No","Sometimes","No"
"Low","young_adults(18-25)","F","Netherlands","NA","No","No","Often","No"
"Medium","adults(35-45)","M","United States","FL","No","No","Rarely","No"
"Low","adults(25-35)","M","United Kingdom","NA","Yes","Yes","Never","Maybe"
"Low","adults(45-55)","M","United Kingdom","NA","Yes","Yes","Sometimes","No"
"Medium","adults(25-35)","F","Australia","NA","Yes","No","Never","Yes"
"High","adults(25-35)","M","United States","WA","No","Yes","Never","Maybe"
"Low","young_adults(18-25)","M","Nigeria","NA","No","No","NA","Maybe"
"Low","adults(25-35)","M","Poland","NA","No","No","Rarely","No"
"Low","adults(25-35)","M","Germany","NA","No","No","Never","No"
"Medium","adults(25-35)","M","United Kingdom","NA","Yes","Yes","Sometimes","Maybe"
"Low","adults(25-35)","M","Germany","NA","No","No","NA","No"
"High","young_adults(18-25)","F","Switzerland","NA","No","No","Rarely","No"
"Low","adults(25-35)","M","United Kingdom","NA","No","No","Never","No"
"Low","adults(25-35)","M","United States","CA","No","No","Never","Maybe"
"Low","adults(25-35)","M","Ireland","NA","No","No","Never","Maybe"
"Low","adults(25-35)","M","Italy","NA","No","No","Sometimes","No"
"Low","adults(25-35)","M","Ireland","NA","No","Yes","Sometimes","Maybe"
"Low","young_adults(18-25)","M","India","NA","No","No","NA","Maybe"
"Low","young_adults(18-25)","M","Ireland","NA","No","No","NA","No"
"Low","adults(25-35)","M","Netherlands","NA","No","No","Never","Maybe"
"Low","adults(35-45)","M","France","NA","No","No","NA","No"
"Low","adults(25-35)","M","Russia","NA","No","No","Never","No"
"Low","young_adults(18-25)","M","United States","NC","Yes","No","Sometimes","Maybe"
"Medium","adults(25-35)","M","Canada","NA","No","No","NA","No"
"Low","adults(25-35)","F","Israel","NA","Yes","No","Never","Maybe"
"Low","adults(25-35)","M","Canada","NA","Yes","No","Sometimes","Maybe"
"Low","adults(25-35)","M","United States","IL","No","Yes","Sometimes","No"
"Low","young_adults(18-25)","M","India","NA","No","No","NA","Maybe"
"Low","adults(25-35)","F","United States","OH","Yes","Yes","Rarely","Yes"
"Medium","adults(25-35)","M","Germany","NA","No","No","NA","No"
"Medium","adults(35-45)","M","United States","VA","No","Yes","Often","No"
"Low","adults(25-35)","M","Bulgaria","NA","No","Yes","Rarely","Maybe"
"High","adults(35-45)","M","United States","MN","No","Yes","Sometimes","No"
"Low","young_adults(18-25)","Others","United States","MO","Yes","Yes","Often","Maybe"
"High","adults(25-35)","F","Canada","NA","No","Yes","Rarely","No"
"Low","young_adults(18-25)","F","United Kingdom","NA","No","No","NA","Yes"
"Low","young_adults(18-25)","F","India","NA","Yes","Yes","Sometimes","Yes"
"High","adults(25-35)","F","United States","NC","Yes","Yes","Rarely","No"
"High","adults(45-55)","M","United States","NY","Yes","Yes","Sometimes","Maybe"
"Low","adults(25-35)","M","United States","NM","No","No","NA","Maybe"
"Medium","adults(25-35)","F","United Kingdom","NA","No","Yes","Sometimes","No"
"Medium","young_adults(18-25)","M","Canada","NA","No","Yes","Sometimes","Maybe"
"Low","adults(25-35)","M","Netherlands","NA","No","No","Never","No"
"Low","adults(25-35)","M","Germany","NA","No","No","NA","No"
"Medium","adults(25-35)","F","Canada","NA","No","No","NA","No"
"Low","adults(25-35)","M","United Kingdom","NA","No","No","NA","Yes"
"Medium","adults(25-35)","M","United Kingdom","NA","No","Yes","Sometimes","No"
"Low","adults(35-45)","M","France","NA","No","No","NA","Maybe"
"Medium","adults(35-45)","F","United States","TX","No","No","NA","Yes"
"Low","adults(25-35)","M","France","NA","No","No","NA","Maybe"
"Low","adults(25-35)","M","United States","SC","No","No","NA","Maybe"
"Medium","adults(25-35)","M","United States","FL","No","No","NA","Maybe"
"High","adults(25-35)","M","United States","WA","Yes","Yes","Rarely","No"
"Medium","adults(35-45)","M","United States","CA","Yes","Yes","Sometimes","Maybe"
"High","young_adults(18-25)","M","United States","OH","No","Yes","Often","No"
"Medium","adults(35-45)","M","United States","TN","Yes","Yes","Sometimes","Yes"
"Low","adults(25-35)","M","United Kingdom","NA","No","Yes","Rarely","Maybe"
"Low","adults(25-35)","M","United States","NY","No","No","Never","Yes"
"Low","adults(25-35)","M","United States","NY","No","Yes","Sometimes","No"
"Low","adults(35-45)","F","United States","MO","No","No","NA","Yes"
"Medium","adults(25-35)","M","United States","NY","No","Yes","Often","No"
"Low","adults(25-35)","M","United Kingdom","NA","No","No","NA","Maybe"
"Low","adults(25-35)","M","France","NA","No","No","NA","No"
"Low","adults(25-35)","M","United States","TN","Yes","No","Never","No"
"High","adults(25-35)","M","United States","CO","No","No","Never","Maybe"
"Medium","adults(25-35)","M","United States","PA","Yes","Yes","Sometimes","Yes"
"High","young_adults(18-25)","M","Germany","NA","No","No","NA","Maybe"
"High","adults(35-45)","M","United States","NY","No","No","NA","No"
"Low","adults(25-35)","M","Netherlands","NA","Yes","No","NA","No"
"Medium","adults(25-35)","M","United States","MN","No","No","NA","No"
"Low","adults(25-35)","M","United Kingdom","NA","No","No","NA","Maybe"
"Low","adults(25-35)","M","Canada","NA","Yes","Yes","Sometimes","Yes"
"Medium","adults(25-35)","M","Canada","NA","No","No","NA","Maybe"
"Medium","young_adults(18-25)","M","United States","MO","Yes","Yes","Never","Yes"
"Medium","adults(25-35)","M","United States","WY","Yes","Yes","Sometimes","No"
"Low","adults(25-35)","M","South Africa","NA","No","No","Never","No"
"Low","young_adults(18-25)","M","Germany","NA","No","No","Rarely","Maybe"
"Low","adults(25-35)","M","Switzerland","NA","Yes","Yes","Sometimes","Yes"
"Low","adults(25-35)","M","United States","MN","No","No","NA","No"
"Low","adults(35-45)","M","Croatia","NA","No","Yes","Sometimes","Yes"
"Low","adults(35-45)","M","United Kingdom","NA","No","Yes","Often","Yes"
"Medium","young_adults(18-25)","M","France","NA","No","No","NA","Maybe"
"Low","adults(25-35)","M","United States","MD","No","No","NA","No"
"High","adults(25-35)","M","United States","KY","No","No","NA","No"
"Low","kids(0-12)","M","United States","OH","No","No","NA","No"
"Low","adults(25-35)","M","United Kingdom","NA","No","No","Never","No"
"High","adults(35-45)","M","United States","NY","No","No","NA","No"
"Low","adults(25-35)","M","United Kingdom","NA","No","Yes","Sometimes","Maybe"
"Medium","adults(25-35)","M","United Kingdom","NA","No","No","NA","Maybe"
"Low","adults(35-45)","M","United States","TN","Yes","Yes","Sometimes","Yes"
"Medium","adults(35-45)","M","Australia","NA","Yes","Yes","Sometimes","No"
"Medium","adults(25-35)","M","Belgium","NA","No","No","NA","Yes"
"Low","adults(35-45)","M","United Kingdom","NA","No","Yes","Sometimes","No"
"Medium","adults(25-35)","M","United States","TX","Yes","Yes","Sometimes","Maybe"
"Medium","adults(35-45)","M","United States","OH","No","Yes","Sometimes","Maybe"
"Low","adults(25-35)","M","United States","TX","No","Yes","Sometimes","No"
"Medium","adults(25-35)","M","Canada","NA","No","No","NA","No"
"Low","adults(25-35)","M","Italy","NA","No","No","NA","Maybe"
"High","adults(25-35)","M","United States","CA","Yes","Yes","Rarely","No"
"Low","young_adults(18-25)","M","Canada","NA","No","Yes","Sometimes","No"
"Medium","adults(25-35)","M","Norway","NA","Yes","No","NA","No"
"Medium","adults(35-45)","M","Germany","NA","No","No","NA","No"
"Low","adults(35-45)","M","United States","MI","Yes","Yes","Sometimes","Maybe"
"Low","adults(35-45)","M","Thailand","NA","No","No","Never","No"
"High","adults(35-45)","M","United States","CA","No","No","Never","No"
"Low","adults(25-35)","F","United States","OR","Yes","Yes","Sometimes","Maybe"
"Medium","adults(35-45)","F","United States","NC","Yes","Yes","Sometimes","Maybe"
"Medium","adults(25-35)","M","United States","CA","Yes","Yes","Sometimes","Yes"
"Low","adults(25-35)","M","Germany","NA","No","No","Rarely","Maybe"
"Medium","young_adults(18-25)","M","United States","IL","No","Yes","Often","Yes"
"Medium","adults(25-35)","M","Canada","NA","Yes","No","Sometimes","No"
"High","adults(35-45)","F","United States","CA","Yes","Yes","Rarely","Maybe"
"Low","adults(35-45)","M","Ireland","NA","Yes","Yes","Sometimes","No"
"Low","adults(35-45)","M","Ireland","NA","Yes","Yes","Sometimes","Yes"
"Medium","adults(25-35)","F","United States","CA","No","Yes","Sometimes","Yes"
"Medium","adults(35-45)","M","Netherlands","NA","No","No","NA","No"
"High","adults(25-35)","F","United States","AZ","Yes","Yes","Sometimes","Maybe"
"Low","adults(25-35)","M","United Kingdom","NA","No","No","Never","No"
"Medium","adults(35-45)","F","United States","CA","No","Yes","Never","Maybe"
"Low","adults(25-35)","M","United Kingdom","NA","No","No","Never","No"
"Low","adults(35-45)","M","United Kingdom","NA","No","Yes","Sometimes","Maybe"
"Medium","adults(25-35)","M","United States","VA","Yes","Yes","Sometimes","Maybe"
"Low","adults(25-35)","M","United Kingdom","NA","No","No","NA","Maybe"
"Low","adults(25-35)","M","United Kingdom","NA","No","No","NA","No"
"Low","adults(35-45)","M","United Kingdom","NA","Yes","Yes","Rarely","Yes"
"High","adults(35-45)","M","Canada","NA","No","Yes","Sometimes","Yes"
"Low","adults(35-45)","M","United States","VA","No","No","Sometimes","Maybe"
"Medium","adults(25-35)","Others","United Kingdom","NA","No","Yes","Sometimes","No"
"Medium","adults(25-35)","F","United States","WA","No","No","NA","Maybe"
"Low","adults(25-35)","F","United Kingdom","NA","No","No","NA","No"
"Low","adults(35-45)","M","United Kingdom","NA","No","Yes","Never","No"
"Medium","adults(25-35)","M","United States","WI","No","Yes","Sometimes","No"
"Low","adults(25-35)","M","United Kingdom","NA","Yes","Yes","Sometimes","No"
"Low","adults(25-35)","M","United States","CA","No","No","NA","No"
"Low","young_adults(18-25)","M","United States","CA","No","No","NA","No"
"High","young_adults(18-25)","M","United States","NE","Yes","Yes","Sometimes","Maybe"
"Medium","adults(25-35)","M","United Kingdom","NA","Yes","No","NA","No"
"Medium","young_adults(18-25)","M","United States","CO","Yes","Yes","Sometimes","Maybe"
"Low","adults(35-45)","M","Netherlands","NA","No","No","NA","Maybe"
"High","adults(35-45)","M","Switzerland","NA","No","Yes","Never","No"
"Low","adults(25-35)","M","United Kingdom","NA","No","No","Rarely","No"
"Medium","adults(25-35)","M","United States","NY","No","Yes","Sometimes","Maybe"
"Low","adults(35-45)","F","United States","TX","No","Yes","Often","Yes"
"Medium","adults(25-35)","F","United States","LA","No","Yes","Sometimes","Yes"
"Low","young_adults(18-25)","F","United States","WA","Yes","Yes","Sometimes","Yes"
"Medium","adults(35-45)","M","United States","MI","No","No","Never","Maybe"
"Medium","adults(25-35)","F","United States","CA","Yes","Yes","Often","Yes"
"Low","adults(25-35)","M","Brazil","NA","No","No","NA","Maybe"
"Low","adults(25-35)","M","Switzerland","NA","Yes","No","NA","Maybe"
"Low","adults(25-35)","F","United States","CA","No","Yes","Sometimes","Maybe"
"High","adults(25-35)","M","United States","MD","No","No","Never","Yes"
"Medium","young_adults(18-25)","M","United States","CA","Yes","Yes","Sometimes","No"
"Medium","adults(35-45)","M","United States","CT","No","No","NA","Yes"
"High","adults(25-35)","F","United States","CA","No","No","NA","No"
"Low","adults(25-35)","M","United Kingdom","NA","No","No","NA","Maybe"
"Medium","adults(25-35)","F","United States","CA","No","Yes","Sometimes","Yes"
"High","adults(35-45)","F","United States","WA","Yes","Yes","Sometimes","Maybe"
"Low","adults(35-45)","F","United States","CA","Yes","No","NA","No"
"Low","adults(25-35)","M","United States","IN","No","No","NA","No"
"High","adults(35-45)","M","United States","TX","Yes","No","Sometimes","Maybe"
"Low","adults(25-35)","M","United Kingdom","NA","No","No","Never","Maybe"
"Low","adults(25-35)","M","United Kingdom","NA","No","Yes","Sometimes","No"
"Low","adults(25-35)","M","United States","MO","No","Yes","Often","Yes"
"Medium","adults(25-35)","M","United States","NV","No","Yes","Never","Maybe"
"Low","adults(35-45)","F","United Kingdom","NA","No","No","Sometimes","Maybe"
"Low","adults(35-45)","F","United States","WA","No","No","Sometimes","Yes"
"High","adults(35-45)","M","United States","FL","Yes","Yes","Sometimes","Maybe"
"Medium","adults(35-45)","M","United States","NA","Yes","Yes","Sometimes","Yes"
"Medium","adults(25-35)","Others","Germany","NA","No","Yes","Sometimes","No"
"Medium","adults(25-35)","M","Denmark","NA","Yes","Yes","Often","No"
"Medium","adults(35-45)","F","United States","WA","Yes","Yes","Sometimes","Yes"
"Medium","adults(25-35)","M","Denmark","NA","Yes","Yes","Often","No"
"Medium","adults(35-45)","M","United States","IL","No","No","Never","Yes"
"Low","adults(25-35)","M","United States","FL","No","No","NA","No"
"High","adults(35-45)","M","United States","MA","No","No","NA","No"
"Low","adults(45-55)","F","United States","CA","Yes","No","Often","Yes"
"Low","young_adults(18-25)","M","United States","WA","No","No","Never","No"
"Low","adults(35-45)","M","United States","MI","No","No","Sometimes","Yes"
"Low","adults(25-35)","F","United Kingdom","NA","No","Yes","Rarely","Maybe"
"Medium","adults(25-35)","M","United States","MI","Yes","Yes","Sometimes","No"
"High","adults(25-35)","M","United States","WI","Yes","No","Sometimes","Maybe"
"Medium","adults(35-45)","M","United States","CA","No","No","Never","Maybe"
"Medium","adults(25-35)","M","Sweden","NA","No","Yes","Rarely","No"
"Medium","adults(25-35)","F","United States","CA","Yes","Yes","Rarely","No"
"Low","adults(25-35)","M","United States","TX","No","Yes","Sometimes","Yes"
"Low","adults(35-45)","M","United Kingdom","NA","Yes","Yes","Sometimes","Maybe"
"Medium","young_adults(18-25)","F","United States","NY","Yes","Yes","Often","No"
"Low","adults(45-55)","F","United States","PA","No","No","NA","Yes"
"Low","adults(35-45)","M","United Kingdom","NA","Yes","No","NA","Maybe"
"High","adults(35-45)","M","United States","PA","No","No","Rarely","No"
"Low","adults(35-45)","M","United States","GA","No","Yes","Sometimes","Maybe"
"Low","adults(35-45)","M","United Kingdom","NA","No","No","Sometimes","No"
"Medium","adults(25-35)","F","United States","NY","Yes","Yes","Sometimes","No"
"Medium","adults(25-35)","M","United States","CA","No","No","Sometimes","Maybe"
"Medium","adults(25-35)","M","United States","TN","Yes","No","NA","No"
"Low","adults(35-45)","M","Italy","NA","No","No","Sometimes","Yes"
"Medium","adults(25-35)","M","United States","TN","No","Yes","Sometimes","Maybe"
"Low","adults(35-45)","M","Netherlands","NA","No","Yes","Sometimes","No"
"Medium","adults(35-45)","M","United States","TN","Yes","Yes","Sometimes","No"
"High","adults(35-45)","M","United States","IL","No","No","Rarely","No"
"Medium","adults(35-45)","M","United States","WI","No","Yes","Sometimes","Maybe"
"Medium","young_adults(18-25)","M","United States","KY","Yes","No","NA","Maybe"
"Low","young_adults(18-25)","M","United Kingdom","NA","Yes","No","Never","Maybe"
"Low","adults(25-35)","M","Canada","NA","No","No","Sometimes","Yes"
"Low","adults(25-35)","M","United States","NA","Yes","No","NA","Maybe"
"High","young_adults(18-25)","M","United States","CA","Yes","No","NA","No"
"High","adults(45-55)","M","United States","MN","No","No","Never","No"
"Low","young_adults(18-25)","M","United States","TN","No","No","NA","No"
"Low","adults(25-35)","M","United States","MN","No","No","NA","Maybe"
"Low","adults(25-35)","M","United Kingdom","NA","Yes","Yes","Rarely","Yes"
"Low","adults(25-35)","M","United Kingdom","NA","Yes","Yes","Rarely","Yes"
"Low","adults(25-35)","M","United Kingdom","NA","No","Yes","Rarely","No"
"Low","young_adults(18-25)","M","United States","IL","No","No","Never","Maybe"
"Medium","adults(25-35)","M","United States","TN","Yes","Yes","Often","Yes"
"High","adults(45-55)","M","United States","IL","No","Yes","Rarely","Yes"
"Low","adults(25-35)","M","United Kingdom","NA","No","No","NA","Yes"
"Medium","adults(25-35)","M","United States","DC","Yes","Yes","Sometimes","Maybe"
"Medium","adults(35-45)","M","United States","KS","No","No","NA","Maybe"
"Medium","adults(25-35)","M","Germany","NA","No","No","Sometimes","No"
"Low","adults(35-45)","M","Mexico","NA","No","No","NA","No"
"High","seniors(55-65)","M","United States","CA","No","Yes","Rarely","No"
"Low","adults(25-35)","F","United Kingdom","NA","Yes","Yes","Sometimes","Maybe"
"High","adults(35-45)","M","United Kingdom","NA","No","No","NA","Maybe"
"Low","adults(35-45)","M","United States","TN","No","No","NA","No"
"Medium","adults(35-45)","M","United States","OK","Yes","No","NA","Maybe"
"Low","adults(25-35)","M","United States","CA","Yes","Yes","Sometimes","Yes"
"Medium","adults(25-35)","M","United States","TN","No","No","NA","Maybe"
"Low","adults(25-35)","M","United States","TX","No","No","NA","Maybe"
"Medium","young_adults(18-25)","F","United Kingdom","NA","Yes","No","Never","Yes"
"Medium","adults(25-35)","M","United States","CO","No","Yes","Never","Maybe"
"Low","adults(25-35)","M","United States","TN","Yes","Yes","Sometimes","Maybe"
"Medium","adults(25-35)","M","United States","GA","No","No","Never","No"
"Medium","adults(35-45)","M","United States","TN","No","No","Never","Maybe"
"Medium","adults(35-45)","M","United States","VA","No","No","Never","No"
"Medium","adults(25-35)","M","United States","TN","Yes","Yes","Sometimes","Maybe"
"Low","adults(35-45)","M","United States","DC","Yes","No","Never","Maybe"
"Low","adults(25-35)","M","United Kingdom","NA","No","Yes","Rarely","No"
"High","adults(35-45)","M","United Kingdom","NA","Yes","No","NA","No"
"Low","adults(25-35)","M","India","NA","No","No","NA","No"
"High","adults(35-45)","M","United States","TN","Yes","No","Sometimes","Maybe"
"Medium","adults(35-45)","M","United States","VA","Yes","No","Sometimes","Maybe"
"Medium","adults(25-35)","M","United States","TN","Yes","Yes","Rarely","Yes"
"Low","adults(25-35)","M","United States","TN","Yes","No","NA","No"
"Medium","adults(25-35)","M","United States","TN","Yes","No","Never","Yes"
"Low","adults(35-45)","M","United States","TN","Yes","Yes","Often","Maybe"
"Low","adults(45-55)","M","United States","TN","No","No","NA","No"
"High","adults(25-35)","M","United States","IN","No","No","Never","No"
"Low","adults(25-35)","M","Germany","NA","No","Yes","Sometimes","Maybe"
"Medium","adults(45-55)","M","United States","VA","No","No","Never","No"
"Low","young_adults(18-25)","M","United States","TX","No","No","Sometimes","No"
"Low","young_adults(18-25)","M","United States","TX","Yes","Yes","Rarely","Yes"
"Low","adults(35-45)","M","United Kingdom","NA","Yes","Yes","Rarely","Yes"
"High","young_adults(18-25)","F","United States","CA","No","Yes","Often","Maybe"
"Medium","young_adults(18-25)","M","United Kingdom","NA","No","No","NA","No"
"Medium","adults(45-55)","M","United States","CO","No","No","Never","No"
"High","adults(45-55)","M","United States","OR","Yes","Yes","Sometimes","Yes"
"High","adults(25-35)","M","United States","OK","No","No","NA","Yes"
"High","young_adults(18-25)","F","United States","OH","Yes","Yes","Sometimes","Yes"
"Medium","adults(35-45)","M","United States","TN","No","Yes","Rarely","Maybe"
"High","adults(45-55)","M","United States","VA","No","Yes","Never","Maybe"
"Low","adults(45-55)","M","Australia","NA","No","Yes","Sometimes","Yes"
"High","adults(45-55)","M","United States","OR","No","Yes","Rarely","Maybe"
"Low","young_adults(18-25)","F","United Kingdom","NA","Yes","Yes","Often","No"
"Medium","adults(25-35)","M","United States","OR","Yes","Yes","Sometimes","No"
"Medium","young_adults(18-25)","F","Canada","NA","Yes","Yes","Sometimes","No"
"Low","adults(25-35)","M","United Kingdom","NA","No","Yes","Sometimes","Yes"
"Medium","adults(25-35)","M","United States","PA","No","No","Never","Maybe"
"Low","adults(25-35)","M","United Kingdom","NA","No","Yes","Sometimes","No"
"High","adults(25-35)","M","United States","SC","No","No","NA","No"
"Low","young_adults(18-25)","F","United States","CA","Yes","Yes","Often","Yes"
"Low","adults(25-35)","M","United States","TN","Yes","No","Sometimes","No"
"High","adults(25-35)","M","United States","UT","Yes","Yes","Rarely","Maybe"
"Medium","adults(25-35)","M","United States","CA","Yes","Yes","Sometimes","Maybe"
"Medium","adults(35-45)","M","New Zealand","NA","No","Yes","Sometimes","Yes"
"Medium","adults(25-35)","M","United States","MO","Yes","No","NA","No"
"Medium","adults(25-35)","M","United States","CA","No","No","Sometimes","Yes"
"Medium","adults(35-45)","M","United States","NA","Yes","No","Sometimes","Maybe"
"High","adults(25-35)","M","United States","NY","No","No","NA","No"
"Medium","young_adults(18-25)","M","United States","TX","No","No","NA","No"
"Low","adults(25-35)","M","United States","MO","Yes","No","Never","No"
"High","adults(25-35)","F","United States","GA","Yes","Yes","Sometimes","Maybe"
"Medium","adults(25-35)","M","United States","TX","No","No","Often","No"
"High","adults(35-45)","Others","United States","WA","No","Yes","Sometimes","Yes"
"Low","adults(35-45)","M","United States","WA","Yes","Yes","Sometimes","Yes"
"Medium","adults(25-35)","M","United States","WA","Yes","Yes","Sometimes","Maybe"
"Low","adults(35-45)","M","United Kingdom","NA","Yes","Yes","Rarely","Maybe"
"Low","adults(35-45)","M","United States","TX","No","Yes","Often","Yes"
"Low","adults(25-35)","M","Netherlands","NA","Yes","Yes","NA","No"
"High","adults(25-35)","M","United States","WA","No","Yes","Rarely","Maybe"
"High","adults(35-45)","M","United States","WA","Yes","Yes","Sometimes","Maybe"
"Medium","adults(25-35)","M","United States","WA","Yes","Yes","Rarely","Maybe"
"High","adults(35-45)","M","United States","WA","Yes","Yes","Sometimes","Yes"
"Medium","adults(25-35)","F","United States","AZ","Yes","Yes","Sometimes","Maybe"
"High","adults(25-35)","M","United States","WA","Yes","No","Sometimes","Yes"
"Low","adults(25-35)","M","United States","WA","Yes","Yes","Sometimes","Maybe"
"Medium","adults(35-45)","M","United States","AZ","Yes","Yes","Often","Yes"
"High","adults(35-45)","M","United States","NY","No","No","NA","No"
"High","adults(35-45)","M","United States","WA","No","Yes","Rarely","No"
"High","adults(25-35)","M","United States","CA","No","Yes","Sometimes","Maybe"
"Medium","adults(35-45)","M","United States","WA","Yes","Yes","Sometimes","Maybe"
"Medium","adults(25-35)","M","Netherlands","NA","No","Yes","Rarely","No"
"Medium","young_adults(18-25)","M","United Kingdom","NA","Yes","Yes","Often","Yes"
"Low","seniors(55-65)","M","South Africa","NA","No","Yes","Sometimes","Yes"
"Low","adults(35-45)","F","United States","WA","Yes","Yes","Rarely","Yes"
"Low","adults(35-45)","M","United States","TN","No","No","NA","Maybe"
"Medium","adults(25-35)","M","Germany","NA","Yes","Yes","Often","No"
"Low","adults(25-35)","M","United States","WA","Yes","No","Never","Yes"
"High","adults(25-35)","M","Netherlands","NA","Yes","Yes","Rarely","No"
"Medium","adults(25-35)","M","United States","CA","No","Yes","Rarely","No"
"Low","adults(25-35)","M","United Kingdom","NA","No","No","NA","No"
"Low","adults(25-35)","M","United Kingdom","NA","No","No","NA","No"
"Medium","young_adults(18-25)","M","Germany","NA","No","No","Sometimes","No"
"Low","adults(25-35)","M","Germany","NA","No","Yes","Sometimes","Yes"
"Low","young_adults(18-25)","M","United Kingdom","NA","Yes","No","Often","Maybe"
"High","adults(45-55)","M","United Kingdom","NA","No","Yes","Often","Yes"
"Medium","adults(25-35)","M","United Kingdom","NA","Yes","Yes","Sometimes","Yes"
"Low","adults(25-35)","F","United Kingdom","NA","Yes","Yes","Sometimes","Maybe"
"Low","young_adults(18-25)","M","United Kingdom","NA","No","No","Never","No"
"Low","adults(35-45)","M","United Kingdom","NA","Yes","No","Rarely","Maybe"
"High","adults(25-35)","F","United Kingdom","NA","No","Yes","Sometimes","No"
"Low","adults(35-45)","M","United States","MI","No","No","Sometimes","Yes"
"Medium","adults(25-35)","M","United Kingdom","NA","No","Yes","Sometimes","Yes"
"Low","adults(35-45)","M","United States","IN","Yes","Yes","Rarely","No"
"High","adults(45-55)","M","United States","GA","Yes","No","Never","No"
"Low","adults(25-35)","M","Germany","NA","No","No","NA","No"
"Low","adults(25-35)","M","Germany","NA","No","No","NA","No"
"High","adults(35-45)","Others","United States","WA","No","No","Never","Maybe"
"Medium","adults(25-35)","M","France","NA","Yes","No","NA","Maybe"
"Medium","adults(25-35)","M","Belgium","NA","No","No","Never","Maybe"
"Low","adults(25-35)","M","United Kingdom","NA","Yes","Yes","Often","Maybe"
"Low","adults(35-45)","M","United States","ME","Yes","Yes","Sometimes","Maybe"
"Medium","adults(35-45)","F","Canada","NA","Yes","Yes","Rarely","Yes"
"High","adults(25-35)","F","United Kingdom","NA","Yes","Yes","Often","Yes"
"Low","adults(25-35)","M","United States","NY","Yes","Yes","Often","Maybe"
"Medium","adults(25-35)","M","Canada","NA","No","No","Never","No"
"Low","adults(25-35)","M","United Kingdom","NA","No","Yes","Sometimes","No"
"Low","adults(35-45)","F","United Kingdom","NA","Yes","No","Rarely","Yes"
"Low","adults(25-35)","M","United Kingdom","NA","No","No","Often","Yes"
"High","young_adults(18-25)","M","United States","PA","Yes","No","Sometimes","No"
"High","kids(0-12)","Others","Bahamas, The","IL","Yes","Yes","Often","Yes"
"Low","adults(35-45)","M","United Kingdom","NA","No","No","NA","No"
"Medium","young_adults(18-25)","M","United Kingdom","NA","No","No","NA","No"
"High","adults(25-35)","F","United States","IL","Yes","Yes","Sometimes","No"
"Medium","adults(25-35)","M","United Kingdom","NA","No","No","NA","Maybe"
"Low","young_adults(18-25)","M","India","NA","No","Yes","Sometimes","Yes"
"Low","adults(25-35)","M","United Kingdom","NA","No","No","Sometimes","No"
"Medium","adults(35-45)","M","United States","MN","No","Yes","Rarely","Maybe"
"Medium","adults(25-35)","F","United States","TX","Yes","No","Never","Yes"
"Low","adults(25-35)","M","United Kingdom","NA","No","No","Rarely","Yes"
"Low","adults(25-35)","M","Sweden","NA","No","No","NA","No"
"Medium","young_adults(18-25)","M","United States","PA","Yes","Yes","Often","No"
"Low","adults(35-45)","M","United States","IN","Yes","Yes","Sometimes","Maybe"
"Medium","adults(25-35)","M","United States","PA","Yes","Yes","Often","No"
"Low","adults(25-35)","F","United States","OH","No","Yes","Sometimes","Maybe"
"Medium","adults(25-35)","M","United Kingdom","NA","Yes","Yes","Sometimes","Yes"
"Low","adults(25-35)","M","United Kingdom","NA","No","No","Never","Maybe"
"High","adults(35-45)","M","United States","PA","Yes","Yes","Sometimes","No"
"Low","adults(25-35)","M","United States","SD","No","No","Sometimes","Yes"
"Medium","adults(35-45)","M","United States","IN","Yes","Yes","Sometimes","No"
"Low","adults(35-45)","F","United States","CA","No","No","NA","Yes"
"High","adults(35-45)","M","United States","TN","No","No","NA","Maybe"
"Medium","adults(25-35)","F","United States","TX","No","No","Never","Maybe"
"Medium","young_adults(18-25)","F","United States","TN","Yes","No","Sometimes","Yes"
"Low","adults(35-45)","F","United States","OR","Yes","No","Sometimes","No"
"High","adults(25-35)","M","United States","SD","No","No","Sometimes","Yes"
"Low","young_adults(18-25)","M","Israel","NA","No","No","NA","Maybe"
"Low","adults(25-35)","F","United States","NY","No","No","NA","No"
"High","adults(45-55)","F","United States","CT","No","Yes","Often","Yes"
"Medium","adults(25-35)","M","United States","CA","Yes","Yes","Sometimes","Maybe"
"Low","young_adults(18-25)","M","United States","NA","No","No","Rarely","Yes"
"Low","young_adults(18-25)","M","Canada","NA","No","No","Never","No"
"High","adults(25-35)","F","United States","GA","Yes","Yes","Sometimes","Maybe"
"High","adults(25-35)","M","United States","TN","No","No","Never","No"
"Low","adults(25-35)","M","United Kingdom","NA","No","No","NA","Maybe"
"Low","adults(35-45)","M","United States","IN","Yes","No","Sometimes","Maybe"
"Low","adults(35-45)","M","United States","CA","Yes","Yes","Sometimes","Maybe"
"High","young_adults(18-25)","F","United States","OR","No","No","Never","Maybe"
"Low","young_adults(18-25)","M","United States","IN","No","No","Sometimes","No"
"High","adults(35-45)","F","United States","GA","Yes","No","Never","Yes"
"Medium","adults(25-35)","M","United States","IN","No","No","NA","Maybe"
"Low","adults(25-35)","M","United States","MN","Yes","No","NA","No"
"Low","adults(25-35)","M","United States","MN","Yes","Yes","Rarely","No"
"Medium","adults(35-45)","M","United States","NC","Yes","No","Sometimes","Yes"
"Low","adults(25-35)","F","United States","FL","Yes","Yes","Often","Yes"
"Low","adults(35-45)","M","United States","MN","No","No","Never","Yes"
"Medium","adults(25-35)","M","Canada","NA","Yes","No","Sometimes","Maybe"
"Low","adults(25-35)","M","Australia","NA","Yes","Yes","Sometimes","No"
"Low","adults(35-45)","M","United States","MO","No","No","NA","Yes"
"Low","adults(25-35)","F","United States","CA","No","No","Sometimes","No"
"Low","adults(25-35)","M","United States","OR","No","No","NA","No"
"Low","adults(25-35)","F","United States","OH","Yes","Yes","Sometimes","Yes"
"Medium","adults(25-35)","M","United States","NY","No","No","NA","No"
"High","adults(35-45)","M","United States","WI","Yes","Yes","Sometimes","Yes"
"Medium","adults(25-35)","M","United States","WA","No","Yes","Sometimes","Maybe"
"Medium","adults(25-35)","F","United Kingdom","NA","No","Yes","Often","Maybe"
"Medium","adults(25-35)","F","Canada","NA","Yes","Yes","Sometimes","Maybe"
"Low","adults(25-35)","M","Italy","NA","Yes","Yes","Sometimes","No"
"Low","adults(25-35)","M","Brazil","NA","Yes","No","Sometimes","No"
"High","adults(35-45)","M","United States","IL","No","Yes","Often","No"
"High","adults(35-45)","M","United Kingdom","NA","Yes","Yes","Sometimes","No"
"Medium","adults(25-35)","F","United States","WA","Yes","Yes","Sometimes","No"
"Low","young_adults(18-25)","F","United States","IL","Yes","No","Sometimes","Yes"
"Low","adults(25-35)","M","Switzerland","NA","Yes","Yes","Often","No"
"Low","adults(35-45)","M","United States","FL","No","No","Never","No"
"Low","adults(35-45)","M","United States","TN","No","No","Rarely","Maybe"
"Medium","adults(35-45)","M","United States","WA","Yes","Yes","Sometimes","No"
"Low","adults(25-35)","M","United States","CA","No","No","Never","Maybe"
"Low","adults(25-35)","M","United States","FL","No","No","Never","Maybe"
"Medium","adults(25-35)","M","Canada","NA","Yes","Yes","Often","Maybe"
"High","adults(25-35)","F","United States","OR","No","Yes","Rarely","No"
"Medium","adults(25-35)","F","United States","NJ","No","Yes","Often","No"
"Low","adults(25-35)","M","United States","CA","No","Yes","Sometimes","Maybe"
"Low","adults(35-45)","M","United States","FL","No","No","Never","No"
"Low","young_adults(18-25)","M","United States","UT","No","Yes","Often","Maybe"
"Low","young_adults(18-25)","M","Germany","NA","Yes","Yes","Sometimes","Maybe"
"Low","young_adults(18-25)","M","South Africa","NA","Yes","Yes","Often","No"
"Medium","adults(25-35)","M","United States","NJ","No","No","Never","Maybe"
"Medium","adults(25-35)","M","United States","PA","No","No","Never","Maybe"
"High","adults(45-55)","M","United States","IN","No","No","Never","Maybe"
"Low","adults(25-35)","M","Greece","NA","No","No","NA","Yes"
"Low","adults(35-45)","F","United States","OH","No","Yes","Sometimes","Maybe"
"Medium","adults(35-45)","M","United States","OH","No","No","Sometimes","Maybe"
"High","adults(35-45)","M","United States","IL","No","No","Rarely","Maybe"
"Low","young_adults(18-25)","M","United States","IN","No","No","Never","No"
"Medium","adults(25-35)","M","United States","CA","No","Yes","Sometimes","Maybe"
"High","adults(35-45)","M","United States","WA","Yes","Yes","Sometimes","Yes"
"Medium","adults(35-45)","M","United States","VA","Yes","Yes","Sometimes","Maybe"
"High","adults(25-35)","F","United States","WA","Yes","Yes","Often","Maybe"
"Medium","adults(35-45)","F","United States","NJ","Yes","Yes","Sometimes","Yes"
"Low","adults(25-35)","M","Netherlands","NA","No","Yes","Sometimes","Maybe"
"Medium","young_adults(18-25)","M","United States","UT","Yes","Yes","Often","Maybe"
"Medium","adults(25-35)","M","Netherlands","NA","Yes","Yes","Often","No"
"Medium","adults(25-35)","F","United States","TN","Yes","Yes","Often","Yes"
"Medium","adults(25-35)","F","Canada","NA","Yes","Yes","Often","No"
"High","adults(25-35)","M","United Kingdom","NA","Yes","Yes","Sometimes","Maybe"
"Low","adults(35-45)","M","Germany","NA","No","No","NA","No"
"Low","adults(35-45)","M","Germany","NA","No","Yes","Sometimes","No"
"High","adults(35-45)","M","United States","IN","Yes","No","Never","Yes"
"High","adults(25-35)","M","United States","IN","No","Yes","Sometimes","No"
"Medium","adults(25-35)","F","United States","CA","Yes","Yes","Sometimes","Maybe"
"Medium","kids(0-12)","M","United States","OH","No","No","Never","No"
"Medium","adults(35-45)","M","United States","TX","Yes","No","Never","Maybe"
"Medium","adults(25-35)","M","United States","TN","Yes","Yes","Often","Yes"
"High","young_adults(18-25)","M","United States","WA","No","Yes","Sometimes","Yes"
"Medium","adults(35-45)","M","United States","UT","No","Yes","Sometimes","No"
"Medium","adults(35-45)","M","United States","AL","No","Yes","Sometimes","No"
"Low","young_adults(18-25)","M","United States","WI","Yes","Yes","Rarely","No"
"Medium","adults(35-45)","M","United States","WA","Yes","Yes","Sometimes","Maybe"
"Medium","adults(25-35)","M","United States","WI","No","No","NA","No"
"Low","adults(35-45)","M","United States","NY","No","No","Never","No"
"Medium","adults(25-35)","M","United States","NY","No","No","NA","Maybe"
"Low","adults(25-35)","M","United States","OH","Yes","No","Sometimes","Maybe"
"Medium","adults(25-35)","F","Canada","NA","Yes","Yes","Often","Yes"
"Low","adults(25-35)","F","United States","WA","Yes","No","Sometimes","No"
"Medium","adults(35-45)","M","United States","CA","No","No","Never","Yes"
"Medium","young_adults(18-25)","M","United States","SC","No","Yes","Rarely","Maybe"
"Low","adults(45-55)","M","France","NA","No","Yes","Sometimes","Maybe"
"Low","adults(25-35)","M","Australia","NA","Yes","Yes","Rarely","No"
"Medium","adults(25-35)","F","United States","CA","No","Yes","Often","Yes"
"Low","adults(25-35)","M","India","NA","No","No","Often","Maybe"
"Medium","adults(25-35)","M","Croatia","NA","Yes","Yes","Sometimes","No"
"Medium","adults(25-35)","M","France","NA","No","Yes","Often","Maybe"
"Low","adults(35-45)","M","Germany","NA","No","No","NA","Maybe"
"Low","young_adults(18-25)","M","United States","MN","Yes","Yes","Sometimes","No"
"Medium","adults(35-45)","M","United States","WA","No","No","NA","Maybe"
"Medium","young_adults(18-25)","M","Canada","NA","No","No","Sometimes","Maybe"
"Low","adults(35-45)","M","United Kingdom","NA","No","Yes","Never","Maybe"
"Medium","adults(45-55)","M","United States","PA","Yes","Yes","Sometimes","Yes"
"High","adults(35-45)","M","United States","NY","Yes","Yes","Rarely","Yes"
"Medium","adults(25-35)","M","United States","VT","No","No","Never","Yes"
"High","adults(25-35)","M","United Kingdom","NA","No","Yes","Rarely","No"
"Medium","adults(35-45)","M","United Kingdom","NA","No","Yes","Sometimes","Maybe"
"Low","adults(25-35)","F","United Kingdom","NA","No","Yes","Never","Maybe"
"Low","adults(35-45)","F","United States","MI","No","Yes","Rarely","No"
"Low","adults(25-35)","M","United States","NY","No","No","NA","No"
"Low","adults(25-35)","M","Germany","NA","Yes","Yes","Often","Maybe"
"Low","young_adults(18-25)","F","United States","NY","No","Yes","Sometimes","No"
"Low","adults(35-45)","M","Netherlands","NA","Yes","No","Sometimes","Maybe"
"Medium","adults(25-35)","M","United States","MI","No","No","NA","Maybe"
"Medium","adults(35-45)","F","United States","WA","Yes","Yes","Sometimes","Yes"
"Low","adults(25-35)","M","United Kingdom","NA","No","No","NA","Maybe"
"Medium","adults(35-45)","F","United States","TN","Yes","Yes","Rarely","Maybe"
"Medium","adults(25-35)","M","New Zealand","NA","No","No","Rarely","Yes"
"Medium","adults(25-35)","M","New Zealand","NA","No","No","Rarely","Yes"
"Low","adults(25-35)","M","United Kingdom","NA","No","Yes","Sometimes","Maybe"
"Low","young_adults(18-25)","M","United Kingdom","NA","Yes","Yes","Sometimes","No"
"Low","adults(35-45)","M","United Kingdom","NA","Yes","No","NA","Maybe"
"Low","young_adults(18-25)","M","Germany","NA","Yes","Yes","Sometimes","Maybe"
"Low","young_adults(18-25)","M","United Kingdom","NA","No","Yes","Sometimes","Maybe"
"Medium","adults(25-35)","M","Moldova","NA","No","Yes","Often","No"
"Low","adults(25-35)","M","Sweden","NA","No","No","Rarely","Maybe"
"Low","adults(25-35)","M","Belgium","NA","No","No","Sometimes","Yes"
"Medium","adults(25-35)","F","United Kingdom","NA","Yes","No","NA","Maybe"
"High","young_adults(18-25)","M","Israel","NA","No","No","Never","No"
"Low","adults(25-35)","F","United States","NY","Yes","No","Sometimes","Maybe"
"Low","adults(35-45)","M","United Kingdom","NA","Yes","Yes","Sometimes","No"
"Low","adults(35-45)","M","United Kingdom","NA","Yes","Yes","Sometimes","Maybe"
"High","adults(25-35)","M","United States","IN","Yes","Yes","Often","Yes"
"Medium","adults(25-35)","M","United States","NC","No","No","Rarely","Maybe"
"High","adults(25-35)","M","United States","CA","No","Yes","Sometimes","Maybe"
"Low","adults(25-35)","M","United Kingdom","NA","No","No","Never","Yes"
"Low","adults(35-45)","M","Canada","NA","Yes","Yes","Rarely","No"
"High","adults(25-35)","F","United Kingdom","NA","Yes","No","Rarely","No"
"Low","adults(35-45)","M","United States","TN","Yes","Yes","Often","Yes"
"Low","adults(25-35)","M","Canada","NA","No","No","Never","No"
"Low","adults(35-45)","M","Netherlands","NA","No","No","Never","Yes"
"Low","adults(25-35)","M","United Kingdom","NA","Yes","Yes","Never","No"
"Medium","adults(25-35)","M","United States","MN","Yes","Yes","Rarely","No"
"Low","adults(45-55)","M","Singapore","NA","No","No","Never","Yes"
"Medium","adults(25-35)","M","United States","NC","No","Yes","Sometimes","Yes"
"Medium","adults(25-35)","M","United Kingdom","NA","No","No","Never","Maybe"
"Low","adults(25-35)","M","India","NA","No","No","NA","Yes"
"Low","adults(25-35)","M","United States","TX","Yes","Yes","Sometimes","Maybe"
"Medium","adults(45-55)","F","United States","CA","No","Yes","Often","Maybe"
"Medium","adults(25-35)","M","United States","CA","Yes","No","Sometimes","Maybe"
"High","adults(25-35)","M","United States","IL","Yes","Yes","Sometimes","Maybe"
"Low","adults(25-35)","M","Poland","NA","No","No","Never","Maybe"
"Low","adults(25-35)","M","Colombia","NA","No","No","Often","Yes"
"Medium","adults(25-35)","F","United States","PA","No","Yes","Sometimes","Maybe"
"Low","adults(25-35)","M","United States","IL","No","No","NA","Maybe"
"High","adults(25-35)","M","United States","IL","No","No","NA","Yes"
"High","adults(35-45)","F","United States","MN","Yes","Yes","Sometimes","No"
"Low","young_adults(18-25)","M","United Kingdom","NA","No","Yes","Sometimes","Maybe"
"Low","young_adults(18-25)","M","Georgia","NA","No","No","Rarely","Yes"
"Low","adults(35-45)","M","United States","NY","Yes","No","NA","No"
"Medium","adults(25-35)","F","United States","MI","Yes","Yes","Rarely","Maybe"
"Low","adults(25-35)","M","United States","OH","No","No","Never","No"
"Medium","adults(35-45)","M","China","NA","No","No","Sometimes","No"
"Low","young_adults(18-25)","F","Bulgaria","UT","No","Yes","Sometimes","Maybe"
"Medium","adults(25-35)","F","United States","NY","No","Yes","Sometimes","Maybe"
"High","adults(35-45)","M","United States","CA","Yes","Yes","Sometimes","Maybe"
"Medium","pensioners(65+)","F","United States","IN","Yes","Yes","Never","Maybe"
"Low","adults(25-35)","F","United States","IN","Yes","Yes","Sometimes","Maybe"
"Medium","adults(25-35)","F","United States","VA","No","Yes","Often","Yes"
"Low","adults(25-35)","F","United States","OK","No","No","Never","No"
"Low","seniors(55-65)","F","United States","OR","No","No","Rarely","Maybe"
"Medium","adults(35-45)","M","United States","AL","Yes","Yes","Sometimes","Maybe"
"Low","adults(25-35)","F","Belgium","NA","No","No","NA","Maybe"
"Medium","adults(35-45)","M","United States","AL","Yes","Yes","Sometimes","Maybe"
"High","adults(35-45)","M","United States","OH","Yes","Yes","Sometimes","Maybe"
"High","adults(25-35)","M","Canada","NA","Yes","No","Sometimes","Maybe"
"Low","adults(35-45)","M","United Kingdom","NA","No","No","Never","No"
"Low","adults(35-45)","M","Italy","NA","No","No","Never","No"
"Low","adults(25-35)","M","Germany","NA","No","No","NA","No"
"High","adults(25-35)","F","Ireland","NA","No","Yes","Sometimes","Yes"
"Low","adults(25-35)","F","Ireland","NA","No","No","Rarely","Maybe"
"Low","adults(25-35)","M","Ireland","NA","No","Yes","Often","Yes"
"Medium","adults(25-35)","M","United States","TX","No","Yes","Often","Yes"
"Low","young_adults(18-25)","M","Ireland","NA","No","No","NA","Maybe"
"Medium","adults(25-35)","M","Australia","NA","No","Yes","Often","Yes"
"Medium","adults(25-35)","F","United States","TX","No","Yes","Rarely","Yes"
"Medium","adults(25-35)","M","Brazil","NA","No","Yes","NA","No"
"Low","young_adults(18-25)","M","United Kingdom","NA","No","No","NA","Maybe"
"Low","adults(25-35)","M","Ireland","NA","Yes","Yes","Never","Maybe"
"Low","adults(25-35)","M","Ireland","NA","No","Yes","Sometimes","No"
"Low","adults(25-35)","M","United Kingdom","NA","Yes","No","Often","Maybe"
"Medium","young_adults(18-25)","M","United States","TX","No","Yes","Sometimes","Maybe"
"Medium","adults(25-35)","M","Czech Republic","NA","Yes","No","Often","No"
"Low","adults(25-35)","M","Singapore","NA","Yes","Yes","Sometimes","Maybe"
"Low","young_adults(18-25)","M","Ireland","NA","Yes","No","NA","Maybe"
"Low","adults(35-45)","M","Ireland","NA","No","No","Never","Yes"
"Medium","adults(25-35)","F","United Kingdom","NA","No","Yes","Sometimes","Maybe"
"Low","adults(25-35)","M","Philippines","NA","No","No","Sometimes","Yes"
"Medium","adults(25-35)","M","United States","FL","No","Yes","Often","Maybe"
"Low","adults(25-35)","M","Netherlands","NA","No","No","NA","Maybe"
"Medium","adults(25-35)","M","United Kingdom","NA","No","No","Rarely","No"
"Medium","adults(35-45)","M","Ireland","NA","No","No","Never","Yes"
"Low","adults(25-35)","M","Netherlands","NA","No","No","NA","Maybe"
"High","adults(35-45)","M","United States","TX","No","Yes","Sometimes","No"
"Low","adults(45-55)","M","United States","CA","Yes","Yes","Often","Maybe"
"Low","adults(45-55)","M","United States","MD","Yes","Yes","Sometimes","No"
"Medium","adults(35-45)","F","Netherlands","NA","No","Yes","Rarely","No"
"Low","young_adults(18-25)","M","United Kingdom","NA","No","No","Never","Maybe"
"High","young_adults(18-25)","M","Ireland","NA","Yes","Yes","Sometimes","Maybe"
"Medium","young_adults(18-25)","F","Ireland","NA","No","Yes","Rarely","No"
"Medium","adults(35-45)","M","Netherlands","NA","No","No","NA","Maybe"
"High","adults(25-35)","F","Ireland","NA","Yes","No","Never","Maybe"
"Medium","young_adults(18-25)","M","United States","MN","Yes","Yes","Sometimes","Yes"
"Low","adults(35-45)","M","Greece","NA","No","No","NA","Yes"
"Medium","young_adults(18-25)","F","United Kingdom","NA","Yes","Yes","Sometimes","No"
"Low","young_adults(18-25)","Others","United Kingdom","NA","No","Yes","Sometimes","Maybe"
"High","young_adults(18-25)","M","United Kingdom","NA","Yes","Yes","Sometimes","No"
"Medium","young_adults(18-25)","M","United Kingdom","NA","No","Yes","Rarely","No"
"Low","young_adults(18-25)","Others","United Kingdom","NA","No","Yes","Sometimes","Yes"
"High","young_adults(18-25)","M","Canada","NA","No","Yes","Often","Maybe"
"Medium","seniors(55-65)","M","United States","CA","No","Yes","Often","Maybe"
"Medium","adults(25-35)","M","Ireland","NA","No","No","Sometimes","Yes"
"High","adults(25-35)","M","United States","TN","Yes","Yes","Often","Yes"
"Low","adults(25-35)","M","Netherlands","NA","No","No","Sometimes","Maybe"
"Low","adults(25-35)","M","Germany","NA","Yes","Yes","Sometimes","No"
"Low","adults(25-35)","M","Poland","NA","No","Yes","Often","Maybe"
"Low","adults(25-35)","M","Ireland","NA","No","Yes","Rarely","Maybe"
"High","adults(35-45)","F","United States","FL","Yes","Yes","Rarely","No"
"Low","adults(25-35)","F","United Kingdom","NA","No","No","NA","Maybe"
"High","young_adults(18-25)","M","Australia","NA","Yes","Yes","Often","Maybe"
"Medium","adults(25-35)","M","United States","OR","No","No","Never","No"
"Low","adults(35-45)","M","Finland","NA","No","Yes","Often","Yes"
"Medium","adults(35-45)","F","United States","WA","Yes","Yes","Sometimes","Yes"
"Medium","adults(25-35)","M","United States","CA","Yes","Yes","Sometimes","No"
"High","adults(25-35)","M","United States","CA","Yes","Yes","Often","No"
"Medium","adults(35-45)","M","South Africa","NA","Yes","Yes","Often","No"
"High","adults(25-35)","M","United States","NC","Yes","Yes","Sometimes","Yes"
"Medium","adults(35-45)","M","United States","UT","Yes","No","Rarely","Maybe"
"Low","adults(25-35)","M","United Kingdom","NA","No","Yes","NA","No"
"Medium","adults(25-35)","M","United States","IL","Yes","Yes","Often","No"
"Medium","adults(25-35)","M","United States","CA","Yes","Yes","Sometimes","Yes"
"Medium","adults(45-55)","F","United States","NC","No","No","NA","Yes"
"Medium","young_adults(18-25)","M","United States","IL","Yes","Yes","Sometimes","Maybe"
